-- MySQL dump 10.16  Distrib 10.1.44-MariaDB, for debian-linux-gnu (x86_64)
--
-- Host: localhost    Database: SMPDB
-- ------------------------------------------------------
-- Server version	10.1.44-MariaDB-0ubuntu0.18.04.1

/*!40101 SET @OLD_CHARACTER_SET_CLIENT=@@CHARACTER_SET_CLIENT */;
/*!40101 SET @OLD_CHARACTER_SET_RESULTS=@@CHARACTER_SET_RESULTS */;
/*!40101 SET @OLD_COLLATION_CONNECTION=@@COLLATION_CONNECTION */;
/*!40101 SET NAMES utf8mb4 */;
/*!40103 SET @OLD_TIME_ZONE=@@TIME_ZONE */;
/*!40103 SET TIME_ZONE='+00:00' */;
/*!40014 SET @OLD_UNIQUE_CHECKS=@@UNIQUE_CHECKS, UNIQUE_CHECKS=0 */;
/*!40014 SET @OLD_FOREIGN_KEY_CHECKS=@@FOREIGN_KEY_CHECKS, FOREIGN_KEY_CHECKS=0 */;
/*!40101 SET @OLD_SQL_MODE=@@SQL_MODE, SQL_MODE='NO_AUTO_VALUE_ON_ZERO' */;
/*!40111 SET @OLD_SQL_NOTES=@@SQL_NOTES, SQL_NOTES=0 */;

--
-- Table structure for table `Block`
--
CREATE DATABASE SMPDB;
USE SMPDB;
DROP TABLE IF EXISTS `Block`;
/*!40101 SET @saved_cs_client     = @@character_set_client */;
/*!40101 SET character_set_client = utf8 */;
CREATE TABLE `Block` (
  `blknum` bigint(20) NOT NULL AUTO_INCREMENT,
  `idnum` bigint(20) DEFAULT NULL,
  `blocked` bigint(20) DEFAULT NULL,
  `tstamp` timestamp NOT NULL DEFAULT CURRENT_TIMESTAMP ON UPDATE CURRENT_TIMESTAMP,
  PRIMARY KEY (`blknum`),
  KEY `idnum` (`idnum`),
  KEY `blocked` (`blocked`),
  CONSTRAINT `Block_ibfk_1` FOREIGN KEY (`idnum`) REFERENCES `Identity` (`idnum`),
  CONSTRAINT `Block_ibfk_2` FOREIGN KEY (`blocked`) REFERENCES `Identity` (`idnum`)
) ENGINE=InnoDB AUTO_INCREMENT=51 DEFAULT CHARSET=utf8mb4 COMMENT='The Block Table';
/*!40101 SET character_set_client = @saved_cs_client */;

--
-- Dumping data for table `Block`
--

LOCK TABLES `Block` WRITE;
/*!40000 ALTER TABLE `Block` DISABLE KEYS */;
INSERT INTO `Block` VALUES (1,32,33,'2020-04-28 18:22:26'),(2,11,22,'2020-04-28 18:22:26'),(3,1,16,'2020-04-28 18:22:26'),(4,19,22,'2020-04-28 18:22:26'),(5,29,28,'2020-04-28 18:02:00'),(6,11,35,'2020-04-28 18:22:26'),(7,22,42,'2020-04-28 18:22:26'),(8,24,35,'2020-04-28 18:22:26'),(9,26,9,'2020-04-28 18:22:26'),(10,34,15,'2020-04-28 18:22:26'),(11,31,43,'0000-00-00 00:00:00'),(12,14,20,'2020-04-28 18:22:26'),(13,11,30,'2020-04-28 18:22:26'),(14,22,40,'2020-04-28 18:22:26'),(15,32,22,'2020-04-28 18:22:26'),(16,7,32,'2020-04-28 18:22:00'),(17,22,9,'2020-04-28 18:22:27'),(18,36,25,'2020-04-28 18:22:27'),(19,16,32,'2020-04-28 18:22:27'),(20,4,37,'2020-04-28 18:22:27'),(21,25,14,'2020-04-28 18:22:27'),(22,8,36,'2020-04-28 18:22:27'),(23,3,22,'2020-04-28 18:22:27'),(24,5,18,'2020-04-28 18:22:27'),(25,2,13,'2020-04-28 18:22:27'),(26,36,6,'2020-04-28 18:22:27'),(27,2,6,'2020-04-28 18:22:27'),(28,37,12,'2020-04-28 18:22:27'),(29,34,7,'2020-04-28 18:22:27'),(30,26,28,'2020-04-28 18:22:27'),(31,21,10,'2020-04-28 18:22:27'),(32,33,3,'2020-04-28 18:22:27'),(33,13,4,'0000-00-00 00:00:00'),(34,21,12,'2020-04-28 18:22:28'),(35,23,16,'2020-04-28 18:22:28'),(36,8,38,'2020-04-28 18:22:28'),(37,38,26,'2020-04-28 18:22:28'),(38,6,20,'2020-04-28 18:22:28'),(39,28,37,'2020-04-28 18:22:28'),(40,31,7,'2020-04-28 18:22:28'),(41,34,19,'2020-04-28 18:22:28'),(42,7,13,'2020-04-28 18:22:28'),(43,8,21,'2020-04-28 18:22:28'),(44,38,4,'0000-00-00 00:00:00'),(45,12,17,'2020-04-28 18:22:29'),(46,35,43,'2020-04-28 18:22:29'),(47,40,2,'2020-04-28 18:22:29'),(48,30,8,'2020-04-28 18:22:29'),(49,35,11,'2020-04-28 18:22:29'),(50,39,13,'2020-04-28 18:22:29');
/*!40000 ALTER TABLE `Block` ENABLE KEYS */;
UNLOCK TABLES;

--
-- Table structure for table `Follows`
--

DROP TABLE IF EXISTS `Follows`;
/*!40101 SET @saved_cs_client     = @@character_set_client */;
/*!40101 SET character_set_client = utf8 */;
CREATE TABLE `Follows` (
  `follower` bigint(20) DEFAULT NULL,
  `followed` bigint(20) DEFAULT NULL,
  `tstamp` timestamp NOT NULL DEFAULT CURRENT_TIMESTAMP ON UPDATE CURRENT_TIMESTAMP,
  KEY `follower` (`follower`),
  KEY `followed` (`followed`),
  CONSTRAINT `Follows_ibfk_1` FOREIGN KEY (`follower`) REFERENCES `Identity` (`idnum`),
  CONSTRAINT `Follows_ibfk_2` FOREIGN KEY (`followed`) REFERENCES `Identity` (`idnum`)
) ENGINE=InnoDB DEFAULT CHARSET=utf8mb4 COMMENT='The Follows Table';
/*!40101 SET character_set_client = @saved_cs_client */;

--
-- Dumping data for table `Follows`
--

LOCK TABLES `Follows` WRITE;
/*!40000 ALTER TABLE `Follows` DISABLE KEYS */;
INSERT INTO `Follows` VALUES (32,39,'2020-04-28 18:12:57'),(22,35,'2020-04-28 18:12:57'),(35,27,'2020-04-28 18:12:57'),(18,34,'2020-04-28 18:12:57'),(15,13,'2020-04-28 18:12:57'),(8,41,'2020-04-28 18:12:57'),(39,6,'2020-04-28 18:12:57'),(24,3,'2020-04-28 18:12:57'),(30,22,'2020-04-28 18:12:57'),(27,18,'2020-04-28 18:12:57'),(41,43,'2020-04-28 18:12:57'),(32,7,'2020-04-28 18:12:57'),(42,3,'2020-04-28 18:12:58'),(21,37,'2020-04-28 18:12:58'),(27,30,'2020-04-28 18:12:58'),(8,38,'2020-04-28 18:12:58'),(43,28,'2020-04-28 18:12:58'),(11,9,'2020-04-28 18:12:58'),(1,36,'2020-04-28 18:12:58'),(26,2,'2020-04-28 18:12:58'),(38,6,'2020-04-28 18:12:58'),(34,25,'2020-04-28 18:12:58'),(26,4,'2020-04-28 18:12:58'),(43,25,'2020-04-28 18:12:58'),(27,10,'2020-04-28 18:12:58'),(16,3,'2020-04-28 18:12:58'),(32,12,'2020-04-28 18:12:58'),(12,43,'2020-04-28 18:12:58'),(43,12,'2020-04-28 18:12:58'),(18,12,'2020-04-28 18:12:58'),(20,7,'2020-04-28 18:12:58'),(8,23,'2020-04-28 18:12:58'),(6,3,'2020-04-28 18:12:58'),(6,11,'2020-04-28 18:12:59'),(43,23,'2020-04-28 18:12:59'),(2,32,'2020-04-28 18:12:59'),(25,43,'2020-04-28 18:12:59'),(36,38,'2020-04-28 18:12:59'),(18,39,'2020-04-28 18:12:59'),(32,5,'2020-04-28 18:12:59'),(34,33,'2020-04-28 18:12:59'),(36,13,'2020-04-28 18:12:59'),(3,19,'2020-04-28 18:12:59'),(16,22,'2020-04-28 18:12:59'),(6,13,'2020-04-28 18:12:59'),(6,5,'2020-04-28 18:12:59'),(24,16,'2020-04-28 18:12:59'),(12,23,'2020-04-28 18:12:59'),(23,36,'2020-04-28 18:12:59'),(42,13,'2020-04-28 18:12:59'),(21,37,'2020-04-28 18:12:59'),(10,17,'2020-04-28 18:12:59'),(6,19,'2020-04-28 18:12:59'),(22,18,'2020-04-28 18:12:59'),(3,17,'2020-04-28 18:12:59'),(9,27,'2020-04-28 18:12:59'),(2,43,'2020-04-28 18:12:59'),(42,4,'2020-04-28 18:13:00'),(23,29,'2020-04-28 18:13:00'),(27,12,'2020-04-28 18:13:00'),(1,40,'2020-04-28 18:13:00'),(3,36,'2020-04-28 18:13:00'),(17,16,'2020-04-28 18:13:00'),(15,43,'2020-04-28 18:13:00'),(38,41,'2020-04-28 18:13:00'),(28,34,'2020-04-28 18:13:00'),(34,43,'2020-04-28 18:13:00'),(30,2,'2020-04-28 18:13:00'),(39,9,'2020-04-28 18:13:00'),(31,3,'2020-04-28 18:13:00'),(5,25,'2020-04-28 18:13:00'),(23,2,'2020-04-28 18:13:00'),(37,31,'2020-04-28 18:13:00'),(22,5,'2020-04-28 18:13:00'),(31,16,'2020-04-28 18:13:00'),(3,17,'2020-04-28 18:13:00'),(25,31,'2020-04-28 18:13:00'),(10,42,'2020-04-28 18:13:00'),(35,33,'2020-04-28 18:13:00'),(33,25,'2020-04-28 18:13:00'),(6,36,'2020-04-28 18:13:00'),(10,11,'2020-04-28 18:13:01'),(23,31,'2020-04-28 18:13:01'),(3,19,'2020-04-28 18:13:01'),(28,9,'2020-04-28 18:13:01'),(6,42,'2020-04-28 18:13:01'),(31,21,'2020-04-28 18:13:01'),(29,6,'2020-04-28 18:13:01'),(11,13,'2020-04-28 18:13:01'),(1,36,'2020-04-28 18:13:01'),(16,43,'2020-04-28 18:13:01'),(27,19,'2020-04-28 18:13:01'),(36,16,'2020-04-28 18:13:01'),(41,20,'2020-04-28 18:13:01'),(24,9,'2020-04-28 18:13:01'),(14,3,'2020-04-28 18:13:01'),(33,10,'2020-04-28 18:13:01'),(14,17,'2020-04-28 18:13:01'),(32,14,'2020-04-28 18:13:01'),(20,33,'2020-04-28 18:13:01'),(17,41,'2020-04-28 18:13:01'),(41,32,'2020-04-28 18:13:01'),(8,20,'2020-04-28 18:13:01'),(7,41,'2020-04-28 18:13:01'),(39,16,'2020-04-28 18:13:01'),(34,7,'2020-04-28 18:13:01'),(28,32,'2020-04-28 18:13:01'),(20,34,'2020-04-28 18:13:02'),(43,18,'2020-04-28 18:13:02'),(14,5,'2020-04-28 18:13:02'),(5,23,'2020-04-28 18:13:02'),(34,36,'2020-04-28 18:13:02'),(18,37,'2020-04-28 18:13:02'),(23,13,'2020-04-28 18:13:03'),(12,33,'2020-04-28 18:13:03'),(43,14,'2020-04-28 18:13:03'),(20,38,'2020-04-28 18:13:03'),(41,4,'2020-04-28 18:13:03'),(36,31,'2020-04-28 18:13:03'),(31,32,'2020-04-28 18:13:03'),(14,39,'2020-04-28 18:13:03'),(16,13,'2020-04-28 18:13:03'),(33,10,'2020-04-28 18:13:03'),(21,31,'2020-04-28 18:13:03'),(39,1,'2020-04-28 18:13:03'),(27,13,'2020-04-28 18:13:03'),(21,37,'2020-04-28 18:13:03'),(10,16,'2020-04-28 18:13:03'),(40,3,'2020-04-28 18:13:03'),(17,12,'2020-04-28 18:13:03'),(31,21,'2020-04-28 18:13:04'),(39,9,'2020-04-28 18:13:04'),(24,15,'2020-04-28 18:13:04'),(9,13,'2020-04-28 18:13:04'),(19,4,'2020-04-28 18:13:04'),(22,8,'2020-04-28 18:13:04'),(35,43,'2020-04-28 18:13:04'),(34,31,'2020-04-28 18:13:04'),(7,34,'2020-04-28 18:13:04'),(25,33,'2020-04-28 18:13:04'),(10,18,'2020-04-28 18:13:04'),(12,42,'2020-04-28 18:13:04'),(38,9,'2020-04-28 18:13:04'),(6,16,'2020-04-28 18:13:04'),(32,22,'2020-04-28 18:13:04'),(3,17,'2020-04-28 18:13:04'),(17,19,'2020-04-28 18:13:04'),(9,36,'2020-04-28 18:13:04'),(23,39,'2020-04-28 18:13:04'),(12,25,'2020-04-28 18:13:04'),(3,22,'2020-04-28 18:13:05'),(2,11,'2020-04-28 18:13:05'),(13,38,'2020-04-28 18:13:05'),(10,9,'2020-04-28 18:13:05'),(10,18,'2020-04-28 18:13:05'),(26,35,'2020-04-28 18:13:05'),(29,28,'2020-04-28 18:13:05'),(22,41,'2020-04-28 18:13:05'),(8,36,'2020-04-28 18:13:05'),(34,3,'2020-04-28 18:13:05'),(3,33,'2020-04-28 18:13:05'),(38,2,'2020-04-28 18:13:05'),(37,17,'2020-04-28 18:13:05'),(27,18,'2020-04-28 18:13:05'),(41,5,'2020-04-28 18:13:05'),(34,4,'2020-04-28 18:13:05'),(35,13,'2020-04-28 18:13:05'),(22,31,'2020-04-28 18:13:05'),(10,7,'2020-04-28 18:13:05'),(7,15,'2020-04-28 18:13:05'),(7,42,'2020-04-28 18:13:05'),(7,2,'2020-04-28 18:13:05'),(42,28,'2020-04-28 18:13:05'),(22,43,'2020-04-28 18:13:05'),(1,17,'2020-04-28 18:13:05'),(27,1,'2020-04-28 18:13:05'),(39,41,'2020-04-28 18:13:06'),(16,5,'2020-04-28 18:13:06'),(18,34,'2020-04-28 18:13:06'),(12,29,'2020-04-28 18:13:06'),(42,15,'2020-04-28 18:13:06'),(39,25,'2020-04-28 18:13:06'),(11,39,'2020-04-28 18:13:06'),(39,8,'2020-04-28 18:13:06'),(10,17,'2020-04-28 18:13:06'),(18,24,'2020-04-28 18:13:06'),(42,17,'2020-04-28 18:13:06'),(10,23,'2020-04-28 18:13:06'),(27,43,'2020-04-28 18:13:06'),(18,39,'2020-04-28 18:13:06'),(34,35,'2020-04-28 18:13:06'),(31,25,'2020-04-28 18:13:06'),(36,37,'2020-04-28 18:13:06'),(1,2,'2020-04-28 18:13:06'),(14,18,'2020-04-28 18:13:06'),(31,30,'2020-04-28 18:13:06'),(3,30,'2020-04-28 18:13:06'),(8,38,'2020-04-28 18:13:06'),(39,33,'2020-04-28 18:13:06'),(40,6,'2020-04-28 18:13:06'),(41,23,'2020-04-28 18:13:06'),(41,17,'2020-04-28 18:13:06'),(32,26,'2020-04-28 18:13:06'),(32,18,'2020-04-28 18:13:06'),(9,16,'2020-04-28 18:13:07'),(38,2,'2020-04-28 18:13:07'),(43,3,'2020-04-28 18:13:07'),(16,42,'2020-04-28 18:13:07'),(22,33,'2020-04-28 18:13:07'),(18,21,'2020-04-28 18:13:07'),(5,28,'2020-04-28 18:13:07'),(17,25,'2020-04-28 18:13:07'),(7,39,'2020-04-28 18:13:07'),(18,2,'2020-04-28 18:13:07'),(18,25,'2020-04-28 18:13:07'),(36,14,'2020-04-28 18:13:07'),(12,42,'2020-04-28 18:13:08'),(23,17,'2020-04-28 18:13:08'),(27,10,'2020-04-28 18:13:08'),(38,1,'2020-04-28 18:13:08'),(4,22,'2020-04-28 18:13:08'),(11,10,'2020-04-28 18:13:08'),(18,8,'2020-04-28 18:13:08'),(2,25,'2020-04-28 18:13:08'),(26,11,'2020-04-28 18:13:08'),(35,42,'2020-04-28 18:13:08'),(31,32,'2020-04-28 18:13:08'),(42,4,'2020-04-28 18:13:08'),(30,15,'2020-04-28 18:13:08'),(36,8,'2020-04-28 18:13:08'),(27,31,'2020-04-28 18:13:08'),(41,28,'2020-04-28 18:13:08'),(40,35,'2020-04-28 18:13:08'),(13,33,'2020-04-28 18:13:08'),(33,22,'2020-04-28 18:13:08'),(6,21,'2020-04-28 18:13:08'),(40,11,'2020-04-28 18:13:08'),(41,13,'2020-04-28 18:13:09'),(18,20,'2020-04-28 18:13:09'),(15,25,'2020-04-28 18:13:09'),(27,1,'2020-04-28 18:13:09'),(30,25,'2020-04-28 18:13:09'),(12,5,'2020-04-28 18:13:09'),(10,15,'2020-04-28 18:13:09'),(11,15,'2020-04-28 18:13:09'),(11,35,'2020-04-28 18:13:09'),(21,18,'2020-04-28 18:13:09'),(9,10,'2020-04-28 18:13:09'),(29,1,'2020-04-28 18:13:09'),(19,26,'2020-04-28 18:13:09'),(31,2,'2020-04-28 18:13:09'),(26,21,'2020-04-28 18:13:09'),(26,28,'2020-04-28 18:13:09'),(25,39,'2020-04-28 18:13:09'),(16,22,'2020-04-28 18:13:09'),(37,3,'2020-04-28 18:13:09'),(32,15,'2020-04-28 18:13:09'),(6,30,'2020-04-28 18:13:09'),(5,22,'2020-04-28 18:13:09'),(18,7,'2020-04-28 18:13:09'),(32,18,'2020-04-28 18:13:09'),(42,30,'2020-04-28 18:13:09'),(18,9,'2020-04-28 18:13:09'),(36,23,'2020-04-28 18:13:09'),(32,28,'2020-04-28 18:13:09'),(9,7,'2020-04-28 18:13:09'),(5,38,'2020-04-28 18:13:09'),(5,36,'2020-04-28 18:13:09'),(13,43,'2020-04-28 18:13:10'),(39,7,'2020-04-28 18:13:10'),(23,27,'2020-04-28 18:13:10'),(25,40,'2020-04-28 18:13:10'),(29,34,'2020-04-28 18:13:10'),(5,38,'2020-04-28 18:13:10'),(42,33,'2020-04-28 18:13:10'),(15,2,'2020-04-28 18:13:10'),(29,28,'2020-04-28 18:13:10'),(9,42,'2020-04-28 18:13:10'),(1,34,'2020-04-28 18:13:10'),(25,15,'2020-04-28 18:13:10'),(14,5,'2020-04-28 18:13:10'),(17,39,'2020-04-28 18:13:10'),(11,16,'2020-04-28 18:13:10'),(22,43,'2020-04-28 18:13:10'),(11,32,'2020-04-28 18:13:10'),(10,16,'2020-04-28 18:13:10'),(29,12,'2020-04-28 18:13:10'),(11,40,'2020-04-28 18:13:10'),(30,38,'2020-04-28 18:13:10'),(37,3,'2020-04-28 18:13:11'),(34,6,'2020-04-28 18:13:11'),(13,2,'2020-04-28 18:13:11'),(26,32,'2020-04-28 18:13:11'),(29,4,'2020-04-28 18:13:11'),(41,21,'2020-04-28 18:13:11'),(34,43,'2020-04-28 18:13:11'),(25,10,'2020-04-28 18:13:11'),(1,24,'2020-04-28 18:13:11'),(27,1,'2020-04-28 18:13:11'),(10,39,'2020-04-28 18:13:11'),(40,41,'2020-04-28 18:13:11'),(28,5,'2020-04-28 18:13:11'),(37,1,'2020-04-28 18:13:12'),(8,5,'2020-04-28 18:13:12'),(41,6,'2020-04-28 18:13:12'),(32,19,'2020-04-28 18:13:12'),(18,7,'2020-04-28 18:13:12'),(34,24,'2020-04-28 18:13:12'),(37,20,'2020-04-28 18:13:12'),(15,28,'2020-04-28 18:13:12'),(9,18,'2020-04-28 18:13:12'),(27,7,'2020-04-28 18:13:12'),(32,16,'2020-04-28 18:13:12'),(31,2,'2020-04-28 18:13:12'),(6,3,'2020-04-28 18:13:12'),(22,9,'2020-04-28 18:13:12'),(14,15,'2020-04-28 18:13:12'),(2,31,'2020-04-28 18:13:12'),(10,3,'2020-04-28 18:13:13'),(20,25,'2020-04-28 18:13:13'),(28,18,'2020-04-28 18:13:13'),(40,16,'2020-04-28 18:13:13'),(26,12,'2020-04-28 18:13:13'),(36,38,'2020-04-28 18:13:13'),(4,9,'2020-04-28 18:13:13'),(7,16,'2020-04-28 18:13:13'),(16,2,'2020-04-28 18:13:13'),(1,21,'2020-04-28 18:13:13'),(41,6,'2020-04-28 18:13:13'),(21,7,'2020-04-28 18:13:13'),(15,9,'2020-04-28 18:13:13'),(19,29,'2020-04-28 18:13:13'),(25,16,'2020-04-28 18:13:13'),(33,35,'2020-04-28 18:13:14'),(13,25,'2020-04-28 18:13:14'),(2,31,'2020-04-28 18:13:14'),(37,14,'2020-04-28 18:13:14'),(13,6,'2020-04-28 18:13:14'),(11,22,'2020-04-28 18:13:14'),(35,20,'2020-04-28 18:13:14'),(40,12,'2020-04-28 18:13:14'),(38,40,'2020-04-28 18:13:14'),(30,34,'2020-04-28 18:13:14'),(38,16,'2020-04-28 18:13:14'),(2,27,'2020-04-28 18:13:14'),(2,34,'2020-04-28 18:13:14'),(12,24,'2020-04-28 18:13:14'),(40,5,'2020-04-28 18:13:14'),(40,32,'2020-04-28 18:13:15'),(10,15,'2020-04-28 18:13:15'),(24,29,'2020-04-28 18:13:15'),(7,1,'2020-04-28 18:13:15'),(34,36,'2020-04-28 18:13:15'),(4,43,'2020-04-28 18:13:15'),(9,42,'2020-04-28 18:13:15'),(9,11,'2020-04-28 18:13:15'),(24,9,'2020-04-28 18:13:15'),(6,31,'2020-04-28 18:13:15'),(13,7,'2020-04-28 18:13:15'),(34,31,'2020-04-28 18:13:15'),(34,30,'2020-04-28 18:13:15'),(28,15,'2020-04-28 18:13:15'),(3,37,'2020-04-28 18:13:15'),(5,18,'2020-04-28 18:13:15'),(2,42,'2020-04-28 18:13:15'),(8,20,'2020-04-28 18:13:15'),(21,14,'2020-04-28 18:13:16'),(38,32,'2020-04-28 18:13:16'),(30,2,'2020-04-28 18:13:16'),(17,30,'2020-04-28 18:13:16'),(24,15,'2020-04-28 18:13:16'),(25,5,'2020-04-28 18:13:16'),(28,1,'2020-04-28 18:13:16'),(23,16,'2020-04-28 18:13:16'),(9,41,'2020-04-28 18:13:16'),(37,22,'2020-04-28 18:13:16'),(43,28,'2020-04-28 18:13:16'),(17,4,'2020-04-28 18:13:16'),(26,6,'2020-04-28 18:13:16'),(10,41,'2020-04-28 18:13:16'),(14,7,'2020-04-28 18:13:16'),(8,31,'2020-04-28 18:13:16'),(16,22,'2020-04-28 18:13:16'),(22,40,'2020-04-28 18:13:16'),(42,1,'2020-04-28 18:13:16'),(36,21,'2020-04-28 18:13:16'),(1,7,'2020-04-28 18:13:16'),(34,20,'2020-04-28 18:13:16'),(27,36,'2020-04-28 18:13:16'),(37,2,'2020-04-28 18:13:16'),(6,12,'2020-04-28 18:13:17'),(33,23,'2020-04-28 18:13:17'),(25,3,'2020-04-28 18:13:17'),(14,40,'2020-04-28 18:13:17'),(29,10,'2020-04-28 18:13:17'),(19,32,'2020-04-28 18:13:17'),(35,16,'2020-04-28 18:13:17'),(31,10,'2020-04-28 18:13:17'),(34,35,'2020-04-28 18:13:17'),(15,20,'2020-04-28 18:13:18'),(15,24,'2020-04-28 18:13:18'),(39,19,'2020-04-28 18:13:18'),(1,41,'2020-04-28 18:13:18'),(21,23,'2020-04-28 18:13:18'),(35,37,'2020-04-28 18:13:18'),(30,4,'2020-04-28 18:13:18'),(11,5,'2020-04-28 18:13:18'),(8,36,'2020-04-28 18:13:18'),(8,43,'2020-04-28 18:13:18'),(3,11,'2020-04-28 18:13:18'),(41,24,'2020-04-28 18:13:18'),(33,20,'2020-04-28 18:13:18'),(42,5,'2020-04-28 18:13:18'),(38,15,'2020-04-28 18:13:18'),(13,26,'2020-04-28 18:13:18'),(42,41,'2020-04-28 18:13:18'),(30,37,'2020-04-28 18:13:18'),(43,9,'2020-04-28 18:13:18'),(41,15,'2020-04-28 18:13:19'),(6,42,'2020-04-28 18:13:19'),(13,21,'2020-04-28 18:13:19'),(37,30,'2020-04-28 18:13:19'),(14,23,'2020-04-28 18:13:19'),(7,36,'2020-04-28 18:13:19'),(14,23,'2020-04-28 18:13:19'),(9,39,'2020-04-28 18:13:19'),(21,25,'2020-04-28 18:13:19'),(40,37,'2020-04-28 18:13:19'),(5,23,'2020-04-28 18:13:19'),(13,41,'2020-04-28 18:13:19'),(17,28,'2020-04-28 18:13:19'),(10,28,'2020-04-28 18:13:19'),(19,23,'2020-04-28 18:13:19'),(42,22,'2020-04-28 18:13:19'),(9,6,'2020-04-28 18:13:19'),(40,21,'2020-04-28 18:13:19'),(13,15,'2020-04-28 18:13:19'),(12,42,'2020-04-28 18:13:19'),(3,23,'2020-04-28 18:13:19'),(35,21,'2020-04-28 18:13:20'),(23,7,'2020-04-28 18:13:20'),(24,20,'2020-04-28 18:13:20'),(19,4,'2020-04-28 18:13:20'),(43,34,'2020-04-28 18:13:20'),(6,15,'2020-04-28 18:13:20'),(20,17,'2020-04-28 18:13:20'),(28,11,'2020-04-28 18:13:20'),(8,7,'2020-04-28 18:13:20'),(33,37,'2020-04-28 18:13:20'),(42,21,'2020-04-28 18:13:20'),(38,13,'2020-04-28 18:13:20'),(29,25,'2020-04-28 18:13:20'),(29,14,'2020-04-28 18:13:20'),(14,39,'2020-04-28 18:13:20'),(43,37,'2020-04-28 18:13:20'),(9,26,'2020-04-28 18:13:20'),(17,25,'2020-04-28 18:13:20'),(29,39,'2020-04-28 18:13:20'),(7,18,'2020-04-28 18:13:20'),(43,38,'2020-04-28 18:13:20'),(25,20,'2020-04-28 18:13:20'),(1,3,'2020-04-28 18:13:20'),(38,3,'2020-04-28 18:13:21'),(40,21,'2020-04-28 18:13:21'),(27,15,'2020-04-28 18:13:21'),(27,36,'2020-04-28 18:13:21'),(40,2,'2020-04-28 18:13:21'),(28,21,'2020-04-28 18:13:21'),(26,12,'2020-04-28 18:13:21'),(32,1,'2020-04-28 18:13:21'),(31,18,'2020-04-28 18:13:21'),(2,32,'2020-04-28 18:13:21'),(12,6,'2020-04-28 18:13:21'),(37,23,'2020-04-28 18:13:21'),(11,7,'2020-04-28 18:13:21'),(2,17,'2020-04-28 18:13:21'),(7,6,'2020-04-28 18:13:21'),(39,28,'2020-04-28 18:13:21'),(16,3,'2020-04-28 18:13:21'),(1,40,'2020-04-28 18:13:21'),(4,6,'2020-04-28 18:13:21'),(39,21,'2020-04-28 18:13:21'),(27,9,'2020-04-28 18:13:21'),(4,19,'2020-04-28 18:13:21'),(31,42,'2020-04-28 18:13:21'),(11,25,'2020-04-28 18:13:21'),(10,32,'2020-04-28 18:13:21'),(17,3,'2020-04-28 18:13:22'),(39,10,'2020-04-28 18:13:22'),(4,17,'2020-04-28 18:13:22'),(30,39,'2020-04-28 18:13:22'),(25,22,'2020-04-28 18:13:22'),(40,38,'2020-04-28 18:13:22'),(13,32,'2020-04-28 18:13:22'),(15,37,'2020-04-28 18:13:22'),(11,22,'2020-04-28 18:13:22'),(14,17,'2020-04-28 18:13:22'),(34,25,'2020-04-28 18:13:22'),(30,25,'2020-04-28 18:13:23'),(34,26,'2020-04-28 18:13:23'),(13,30,'2020-04-28 18:13:23'),(35,8,'2020-04-28 18:13:23'),(15,4,'2020-04-28 18:13:23'),(16,41,'2020-04-28 18:13:24'),(26,27,'2020-04-28 18:13:24'),(24,12,'2020-04-28 18:13:24'),(18,15,'2020-04-28 18:13:24'),(38,36,'2020-04-28 18:13:24'),(26,33,'2020-04-28 18:13:24'),(11,31,'2020-04-28 18:13:24'),(30,11,'2020-04-28 18:13:24'),(41,38,'2020-04-28 18:13:24'),(3,6,'2020-04-28 18:13:24'),(11,17,'2020-04-28 18:13:25'),(25,21,'2020-04-28 18:13:25'),(7,31,'2020-04-28 18:13:25'),(28,23,'2020-04-28 18:13:25'),(23,11,'2020-04-28 18:13:25'),(32,1,'2020-04-28 18:13:25'),(32,34,'2020-04-28 18:13:25'),(29,40,'2020-04-28 18:13:25'),(20,12,'2020-04-28 18:13:25'),(37,39,'2020-04-28 18:13:25'),(6,8,'2020-04-28 18:13:25'),(11,9,'2020-04-28 18:13:25'),(38,30,'2020-04-28 18:13:25'),(3,42,'2020-04-28 18:13:25'),(20,8,'2020-04-28 18:13:26'),(21,28,'2020-04-28 18:13:26'),(28,24,'2020-04-28 18:13:26'),(4,24,'2020-04-28 18:13:26'),(29,30,'2020-04-28 18:13:26'),(1,14,'2020-04-28 18:13:26'),(1,19,'2020-04-28 18:13:26'),(30,16,'2020-04-28 18:13:26'),(8,12,'2020-04-28 18:13:26'),(41,24,'2020-04-28 18:13:26'),(17,24,'2020-04-28 18:13:26'),(29,13,'2020-04-28 18:13:26'),(34,3,'2020-04-28 18:13:26'),(25,30,'2020-04-28 18:13:26'),(3,36,'2020-04-28 18:13:26'),(30,16,'2020-04-28 18:13:26'),(1,21,'2020-04-28 18:13:26'),(2,42,'2020-04-28 18:13:27'),(30,15,'2020-04-28 18:13:27'),(7,38,'2020-04-28 18:13:27'),(36,26,'2020-04-28 18:13:27'),(14,19,'2020-04-28 18:13:27'),(39,28,'2020-04-28 18:13:27'),(13,4,'2020-04-28 18:13:27'),(38,29,'2020-04-28 18:13:27'),(19,26,'2020-04-28 18:13:27'),(3,32,'2020-04-28 18:13:27'),(32,30,'2020-04-28 18:13:27'),(25,34,'2020-04-28 18:13:28'),(36,14,'2020-04-28 18:13:28'),(13,10,'2020-04-28 18:13:28'),(38,20,'2020-04-28 18:13:28'),(27,30,'2020-04-28 18:13:28'),(30,24,'2020-04-28 18:13:28'),(37,19,'2020-04-28 18:13:28'),(41,8,'2020-04-28 18:13:28'),(3,25,'2020-04-28 18:13:28'),(12,23,'2020-04-28 18:13:28'),(23,33,'2020-04-28 18:13:28'),(35,18,'2020-04-28 18:13:29'),(42,35,'2020-04-28 18:13:29'),(42,26,'2020-04-28 18:13:29'),(7,2,'2020-04-28 18:13:29'),(39,27,'2020-04-28 18:13:29'),(32,18,'2020-04-28 18:13:29'),(11,38,'2020-04-28 18:13:29'),(42,20,'2020-04-28 18:13:29'),(39,4,'2020-04-28 18:13:29'),(17,34,'2020-04-28 18:13:29'),(26,16,'2020-04-28 18:13:29'),(33,8,'2020-04-28 18:13:29'),(28,7,'2020-04-28 18:13:29'),(40,32,'2020-04-28 18:13:29'),(26,27,'2020-04-28 18:13:29'),(38,30,'2020-04-28 18:13:29'),(35,8,'2020-04-28 18:13:29'),(33,37,'2020-04-28 18:13:29'),(16,40,'2020-04-28 18:13:29'),(28,4,'2020-04-28 18:13:29'),(43,4,'2020-04-28 18:13:29'),(17,7,'2020-04-28 18:13:30'),(37,8,'2020-04-28 18:13:30'),(39,26,'2020-04-28 18:13:30'),(34,21,'2020-04-28 18:13:30'),(38,24,'2020-04-28 18:13:30'),(39,28,'2020-04-28 18:13:30'),(36,8,'2020-04-28 18:13:30'),(43,15,'2020-04-28 18:13:30'),(6,26,'2020-04-28 18:13:30'),(6,14,'2020-04-28 18:13:30'),(38,7,'2020-04-28 18:13:30'),(23,39,'2020-04-28 18:13:30'),(33,4,'2020-04-28 18:13:30'),(11,27,'2020-04-28 18:13:30'),(8,18,'2020-04-28 18:13:30'),(26,29,'2020-04-28 18:13:30'),(19,18,'2020-04-28 18:13:30'),(25,36,'2020-04-28 18:13:30'),(28,1,'2020-04-28 18:13:30'),(32,41,'2020-04-28 18:13:31'),(24,12,'2020-04-28 18:13:31'),(14,4,'2020-04-28 18:13:31'),(17,1,'2020-04-28 18:13:31'),(19,18,'2020-04-28 18:13:31'),(4,12,'2020-04-28 18:13:31'),(36,23,'2020-04-28 18:13:31'),(30,5,'2020-04-28 18:13:31'),(4,15,'2020-04-28 18:13:31'),(18,26,'2020-04-28 18:13:31'),(2,35,'2020-04-28 18:13:31'),(1,11,'2020-04-28 18:13:31'),(35,11,'2020-04-28 18:13:31'),(31,1,'2020-04-28 18:13:31'),(43,31,'2020-04-28 18:13:31'),(32,11,'2020-04-28 18:13:31'),(4,27,'2020-04-28 18:13:31'),(29,35,'2020-04-28 18:13:31'),(37,32,'2020-04-28 18:13:31'),(25,3,'2020-04-28 18:13:31'),(20,26,'2020-04-28 18:13:31'),(9,19,'2020-04-28 18:13:31'),(12,26,'2020-04-28 18:13:31'),(30,33,'2020-04-28 18:13:31'),(2,23,'2020-04-28 18:13:31'),(4,17,'2020-04-28 18:13:32'),(23,32,'2020-04-28 18:13:32'),(25,40,'2020-04-28 18:13:32'),(32,34,'2020-04-28 18:13:32'),(17,29,'2020-04-28 18:13:32'),(21,40,'2020-04-28 18:13:32'),(8,10,'2020-04-28 18:13:32'),(36,14,'2020-04-28 18:13:32'),(31,10,'2020-04-28 18:13:32'),(4,15,'2020-04-28 18:13:32'),(30,37,'2020-04-28 18:13:32'),(19,30,'2020-04-28 18:13:32'),(36,40,'2020-04-28 18:13:32'),(11,36,'2020-04-28 18:13:32'),(7,15,'2020-04-28 18:13:32'),(37,7,'2020-04-28 18:13:32'),(9,42,'2020-04-28 18:13:33'),(38,27,'2020-04-28 18:13:33'),(30,20,'2020-04-28 18:13:33'),(40,13,'2020-04-28 18:13:33'),(17,9,'2020-04-28 18:13:33'),(20,3,'2020-04-28 18:13:33'),(8,6,'2020-04-28 18:13:33'),(13,8,'2020-04-28 18:13:33'),(11,3,'2020-04-28 18:13:33'),(1,25,'2020-04-28 18:13:33'),(8,22,'2020-04-28 18:13:33'),(1,36,'2020-04-28 18:13:33'),(17,40,'2020-04-28 18:13:33'),(34,38,'2020-04-28 18:13:33'),(21,29,'2020-04-28 18:13:33'),(32,1,'2020-04-28 18:13:33'),(31,41,'2020-04-28 18:13:33'),(40,14,'2020-04-28 18:13:33'),(3,19,'2020-04-28 18:13:33'),(34,12,'2020-04-28 18:13:34'),(11,32,'2020-04-28 18:13:34'),(33,7,'2020-04-28 18:13:34'),(9,39,'2020-04-28 18:13:34'),(33,17,'2020-04-28 18:13:34'),(5,11,'2020-04-28 18:13:34'),(35,14,'2020-04-28 18:13:34'),(27,17,'2020-04-28 18:13:34'),(26,25,'2020-04-28 18:13:34'),(39,20,'2020-04-28 18:13:34'),(34,15,'2020-04-28 18:13:34'),(21,6,'2020-04-28 18:13:34'),(5,23,'2020-04-28 18:13:34'),(5,37,'2020-04-28 18:13:34'),(33,6,'2020-04-28 18:13:34'),(17,15,'2020-04-28 18:13:34'),(29,26,'2020-04-28 18:13:34'),(37,34,'2020-04-28 18:13:34'),(6,10,'2020-04-28 18:13:34'),(5,41,'2020-04-28 18:13:34'),(32,21,'2020-04-28 18:13:34'),(29,18,'2020-04-28 18:13:34'),(13,42,'2020-04-28 18:13:34'),(27,2,'2020-04-28 18:13:34'),(13,5,'2020-04-28 18:13:35'),(8,16,'2020-04-28 18:13:35'),(42,19,'2020-04-28 18:13:35'),(6,32,'2020-04-28 18:13:35'),(27,11,'2020-04-28 18:13:35'),(5,36,'2020-04-28 18:13:35'),(42,32,'2020-04-28 18:13:35'),(21,25,'2020-04-28 18:13:35'),(18,33,'2020-04-28 18:13:35'),(11,15,'2020-04-28 18:13:35'),(34,35,'2020-04-28 18:13:35'),(12,30,'2020-04-28 18:13:35'),(27,21,'2020-04-28 18:13:35'),(38,8,'2020-04-28 18:13:35'),(38,7,'2020-04-28 18:13:35'),(20,43,'2020-04-28 18:13:35'),(28,9,'2020-04-28 18:13:35'),(38,33,'2020-04-28 18:13:35'),(8,20,'2020-04-28 18:13:35'),(27,17,'2020-04-28 18:13:35'),(17,1,'2020-04-28 18:13:35'),(37,11,'2020-04-28 18:13:35'),(12,8,'2020-04-28 18:13:36'),(27,38,'2020-04-28 18:13:36'),(30,3,'2020-04-28 18:13:36'),(19,15,'2020-04-28 18:13:36'),(12,38,'2020-04-28 18:13:36'),(34,28,'2020-04-28 18:13:36'),(6,19,'2020-04-28 18:13:36'),(11,14,'2020-04-28 18:13:36'),(37,3,'2020-04-28 18:13:36'),(33,17,'2020-04-28 18:13:36'),(33,23,'2020-04-28 18:13:36'),(20,24,'2020-04-28 18:13:36'),(11,25,'2020-04-28 18:13:36'),(39,22,'2020-04-28 18:13:36'),(31,23,'2020-04-28 18:13:36'),(12,36,'2020-04-28 18:13:36'),(23,28,'2020-04-28 18:13:36'),(9,23,'2020-04-28 18:13:36'),(42,38,'2020-04-28 18:13:36'),(8,11,'2020-04-28 18:13:36'),(30,40,'2020-04-28 18:13:36'),(2,36,'2020-04-28 18:13:36'),(43,30,'2020-04-28 18:13:36'),(2,9,'2020-04-28 18:13:36'),(5,22,'2020-04-28 18:13:36'),(24,31,'2020-04-28 18:13:37'),(6,31,'2020-04-28 18:13:37'),(39,16,'2020-04-28 18:13:37'),(7,25,'2020-04-28 18:13:37'),(27,21,'2020-04-28 18:13:37'),(31,19,'2020-04-28 18:13:37'),(30,31,'2020-04-28 18:13:37'),(40,9,'2020-04-28 18:13:37'),(11,22,'2020-04-28 18:13:37'),(17,16,'2020-04-28 18:13:37'),(31,40,'2020-04-28 18:13:37'),(20,13,'2020-04-28 18:13:37'),(38,15,'2020-04-28 18:13:37'),(18,24,'2020-04-28 18:13:37'),(37,36,'2020-04-28 18:13:37'),(7,28,'2020-04-28 18:13:37'),(3,17,'2020-04-28 18:13:37'),(2,32,'2020-04-28 18:13:37'),(15,2,'2020-04-28 18:13:37'),(17,43,'2020-04-28 18:13:37'),(5,15,'2020-04-28 18:13:37'),(40,17,'2020-04-28 18:13:37'),(9,32,'2020-04-28 18:13:38'),(16,23,'2020-04-28 18:13:38'),(8,19,'2020-04-28 18:13:38'),(35,1,'2020-04-28 18:13:38'),(13,32,'2020-04-28 18:13:38'),(14,25,'2020-04-28 18:13:38'),(38,10,'2020-04-28 18:13:38'),(12,2,'2020-04-28 18:13:38'),(37,8,'2020-04-28 18:13:38'),(24,25,'2020-04-28 18:13:38'),(35,38,'2020-04-28 18:13:38'),(22,5,'2020-04-28 18:13:38'),(17,33,'2020-04-28 18:13:38'),(29,19,'2020-04-28 18:13:38'),(5,3,'2020-04-28 18:13:38'),(10,20,'2020-04-28 18:13:38'),(2,14,'2020-04-28 18:13:38'),(14,20,'2020-04-28 18:13:38'),(12,14,'2020-04-28 18:13:38'),(30,11,'2020-04-28 18:13:38'),(9,22,'2020-04-28 18:13:38'),(35,36,'2020-04-28 18:13:38'),(5,40,'2020-04-28 18:13:38'),(14,7,'2020-04-28 18:13:39'),(31,12,'2020-04-28 18:13:39'),(38,7,'2020-04-28 18:13:39'),(13,16,'2020-04-28 18:13:39'),(10,43,'2020-04-28 18:13:39'),(41,23,'2020-04-28 18:13:39'),(35,43,'2020-04-28 18:13:39'),(23,5,'2020-04-28 18:13:39'),(2,35,'2020-04-28 18:13:39'),(30,28,'2020-04-28 18:13:39'),(7,33,'2020-04-28 18:13:39'),(34,43,'2020-04-28 18:13:39'),(4,21,'2020-04-28 18:13:39'),(17,8,'2020-04-28 18:13:39'),(25,21,'2020-04-28 18:13:39'),(13,10,'2020-04-28 18:13:40'),(22,11,'2020-04-28 18:13:40'),(15,32,'2020-04-28 18:13:40'),(16,18,'2020-04-28 18:13:40'),(42,11,'2020-04-28 18:13:40'),(22,10,'2020-04-28 18:13:40'),(23,31,'2020-04-28 18:13:40'),(19,17,'2020-04-28 18:13:40'),(24,9,'2020-04-28 18:13:40'),(11,20,'2020-04-28 18:13:40'),(23,36,'2020-04-28 18:13:40'),(43,39,'2020-04-28 18:13:40'),(20,28,'2020-04-28 18:13:40'),(11,39,'2020-04-28 18:13:40'),(20,33,'2020-04-28 18:13:40'),(34,9,'2020-04-28 18:13:40'),(4,18,'2020-04-28 18:13:40'),(9,7,'2020-04-28 18:13:40'),(11,12,'2020-04-28 18:13:40'),(11,35,'2020-04-28 18:13:40'),(6,38,'2020-04-28 18:13:40'),(4,40,'2020-04-28 18:13:40'),(36,27,'2020-04-28 18:13:40'),(16,24,'2020-04-28 18:13:40'),(28,29,'2020-04-28 18:13:41'),(4,2,'2020-04-28 18:13:41'),(28,1,'2020-04-28 18:13:41'),(15,38,'2020-04-28 18:13:41'),(28,34,'2020-04-28 18:13:41'),(5,21,'2020-04-28 18:13:41'),(24,25,'2020-04-28 18:13:41'),(41,13,'2020-04-28 18:13:41'),(23,1,'2020-04-28 18:13:41'),(37,38,'2020-04-28 18:13:41'),(19,21,'2020-04-28 18:13:41'),(15,43,'2020-04-28 18:13:41'),(24,27,'2020-04-28 18:13:41'),(14,15,'2020-04-28 18:13:41'),(5,17,'2020-04-28 18:13:41'),(40,1,'2020-04-28 18:13:41'),(27,17,'2020-04-28 18:13:41'),(42,38,'2020-04-28 18:13:41'),(28,24,'2020-04-28 18:13:41'),(22,19,'2020-04-28 18:13:41'),(16,37,'2020-04-28 18:13:41'),(10,3,'2020-04-28 18:13:41'),(37,3,'2020-04-28 18:13:41'),(17,34,'2020-04-28 18:13:41'),(18,33,'2020-04-28 18:13:41'),(1,18,'2020-04-28 18:13:41'),(42,28,'2020-04-28 18:13:42'),(23,6,'2020-04-28 18:13:42'),(13,29,'2020-04-28 18:13:42'),(38,16,'2020-04-28 18:13:42'),(33,38,'2020-04-28 18:13:42'),(34,39,'2020-04-28 18:13:42'),(38,1,'2020-04-28 18:13:42'),(28,26,'2020-04-28 18:13:42'),(14,10,'2020-04-28 18:13:42'),(3,18,'2020-04-28 18:13:42'),(42,9,'2020-04-28 18:13:42'),(19,32,'2020-04-28 18:13:43'),(24,17,'2020-04-28 18:13:43'),(24,7,'2020-04-28 18:13:43'),(7,37,'2020-04-28 18:13:43'),(38,17,'2020-04-28 18:13:43'),(30,4,'2020-04-28 18:13:44'),(38,10,'2020-04-28 18:13:44'),(40,18,'2020-04-28 18:13:44'),(27,6,'2020-04-28 18:13:44'),(10,13,'2020-04-28 18:13:44'),(43,35,'2020-04-28 18:13:44'),(35,23,'2020-04-28 18:13:44'),(36,38,'2020-04-28 18:13:44'),(27,37,'2020-04-28 18:13:44'),(40,42,'2020-04-28 18:13:44'),(3,32,'2020-04-28 18:13:44'),(22,34,'2020-04-28 18:13:44'),(11,5,'2020-04-28 18:13:44'),(34,17,'2020-04-28 18:13:44'),(34,28,'2020-04-28 18:13:44'),(29,41,'2020-04-28 18:13:44'),(8,25,'2020-04-28 18:13:44'),(38,41,'2020-04-28 18:13:44'),(19,26,'2020-04-28 18:13:44'),(42,39,'2020-04-28 18:13:44'),(38,12,'2020-04-28 18:13:44'),(9,24,'2020-04-28 18:13:44'),(27,29,'2020-04-28 18:13:45'),(25,9,'2020-04-28 18:13:45'),(28,6,'2020-04-28 18:13:45'),(7,35,'2020-04-28 18:13:45'),(5,18,'2020-04-28 18:13:45'),(36,23,'2020-04-28 18:13:45'),(35,39,'2020-04-28 18:13:45'),(15,11,'2020-04-28 18:13:45'),(12,5,'2020-04-28 18:13:45'),(29,20,'2020-04-28 18:13:45'),(34,42,'2020-04-28 18:13:45'),(11,21,'2020-04-28 18:13:45'),(35,10,'2020-04-28 18:13:45'),(4,22,'2020-04-28 18:13:45'),(36,33,'2020-04-28 18:13:45'),(36,43,'2020-04-28 18:13:45'),(23,1,'2020-04-28 18:13:45'),(14,11,'2020-04-28 18:13:45'),(28,38,'2020-04-28 18:13:45'),(22,43,'2020-04-28 18:13:45'),(39,24,'2020-04-28 18:13:46'),(41,43,'2020-04-28 18:13:46'),(2,24,'2020-04-28 18:13:46'),(13,35,'2020-04-28 18:13:46'),(27,15,'2020-04-28 18:13:46'),(41,6,'2020-04-28 18:13:46'),(29,32,'2020-04-28 18:13:46'),(10,31,'2020-04-28 18:13:46'),(6,10,'2020-04-28 18:13:46'),(7,9,'2020-04-28 18:13:46'),(17,41,'2020-04-28 18:13:46'),(27,9,'2020-04-28 18:13:46'),(40,36,'2020-04-28 18:13:46'),(32,33,'2020-04-28 18:13:46'),(17,9,'2020-04-28 18:13:46'),(7,32,'2020-04-28 18:13:46'),(36,26,'2020-04-28 18:13:46'),(42,16,'2020-04-28 18:13:47'),(35,2,'2020-04-28 18:13:47'),(27,24,'2020-04-28 18:13:47'),(12,29,'2020-04-28 18:13:47'),(25,9,'2020-04-28 18:13:47'),(31,1,'2020-04-28 18:13:47'),(1,33,'2020-04-28 18:13:47'),(3,29,'2020-04-28 18:13:47'),(30,12,'2020-04-28 18:13:47'),(24,21,'2020-04-28 18:13:48'),(28,22,'2020-04-28 18:13:48'),(13,17,'2020-04-28 18:13:48'),(16,3,'2020-04-28 18:13:48'),(27,30,'2020-04-28 18:13:48'),(15,26,'2020-04-28 18:13:48'),(35,4,'2020-04-28 18:13:48'),(43,42,'2020-04-28 18:13:48'),(24,39,'2020-04-28 18:13:48'),(42,26,'2020-04-28 18:13:48'),(16,22,'2020-04-28 18:13:49'),(23,42,'2020-04-28 18:13:49'),(24,8,'2020-04-28 18:13:49'),(42,14,'2020-04-28 18:13:49'),(30,24,'2020-04-28 18:13:49'),(6,2,'2020-04-28 18:13:49'),(12,42,'2020-04-28 18:13:49'),(38,16,'2020-04-28 18:13:49'),(27,37,'2020-04-28 18:13:49'),(37,27,'2020-04-28 18:13:49'),(21,8,'2020-04-28 18:13:50'),(35,42,'2020-04-28 18:13:50'),(5,43,'2020-04-28 18:13:50'),(37,33,'2020-04-28 18:13:50'),(17,36,'2020-04-28 18:13:50'),(30,16,'2020-04-28 18:13:50'),(1,17,'2020-04-28 18:13:50'),(6,11,'2020-04-28 18:13:50'),(11,42,'2020-04-28 18:13:50'),(40,28,'2020-04-28 18:13:50'),(28,20,'2020-04-28 18:13:50'),(37,23,'2020-04-28 18:13:50'),(29,33,'2020-04-28 18:13:50'),(40,34,'2020-04-28 18:13:50'),(16,3,'2020-04-28 18:13:50'),(18,41,'2020-04-28 18:13:50'),(20,16,'2020-04-28 18:13:50'),(28,8,'2020-04-28 18:13:50'),(40,24,'2020-04-28 18:13:50'),(33,8,'2020-04-28 18:13:51'),(8,14,'2020-04-28 18:13:51'),(10,23,'2020-04-28 18:13:51'),(8,20,'2020-04-28 18:13:51'),(13,38,'2020-04-28 18:13:51'),(7,32,'2020-04-28 18:13:51'),(24,21,'2020-04-28 18:13:51'),(28,7,'2020-04-28 18:13:51'),(3,2,'2020-04-28 18:13:51'),(5,10,'2020-04-28 18:13:51'),(9,11,'2020-04-28 18:13:51'),(1,43,'2020-04-28 18:13:51'),(21,11,'2020-04-28 18:13:51'),(29,32,'2020-04-28 18:13:52'),(32,33,'2020-04-28 18:13:52'),(2,11,'2020-04-28 18:13:52');
/*!40000 ALTER TABLE `Follows` ENABLE KEYS */;
UNLOCK TABLES;

--
-- Table structure for table `Identity`
--

DROP TABLE IF EXISTS `Identity`;
/*!40101 SET @saved_cs_client     = @@character_set_client */;
/*!40101 SET character_set_client = utf8 */;
CREATE TABLE `Identity` (
  `idnum` bigint(20) NOT NULL AUTO_INCREMENT,
  `handle` varchar(100) DEFAULT NULL,
  `pass` varchar(100) NOT NULL,
  `fullname` varchar(100) NOT NULL,
  `location` varchar(100) DEFAULT NULL,
  `email` varchar(100) NOT NULL,
  `bdate` date NOT NULL,
  `joined` timestamp NOT NULL DEFAULT CURRENT_TIMESTAMP ON UPDATE CURRENT_TIMESTAMP,
  PRIMARY KEY (`idnum`),
  UNIQUE KEY `handle` (`handle`)
) ENGINE=InnoDB AUTO_INCREMENT=44 DEFAULT CHARSET=utf8mb4 COMMENT='The Identity Table';
/*!40101 SET character_set_client = @saved_cs_client */;

--
-- Dumping data for table `Identity`
--

LOCK TABLES `Identity` WRITE;
/*!40000 ALTER TABLE `Identity` DISABLE KEYS */;
INSERT INTO `Identity` VALUES (1,'@snapoleon0','xZmN6L','Sigismund Napoleon','Taiping','snapoleon0@spotify.com','2001-03-16','2019-06-07 08:00:00'),(2,'@dtilio1','MOvUMD','Diego Tilio','Songhu','dtilio1@skyrock.com','2008-07-20','2019-11-26 10:00:00'),(3,'@dbeiderbeck2','7l2eBBAoPN','Duane Beiderbeck',NULL,'dbeiderbeck2@cocolog-nifty.com','1996-03-19','2019-12-18 10:00:00'),(4,'@bcomer3','NtX9LOP2y','Bryant Comer','Gafargaon','bcomer3@google.it','2000-10-16','2020-03-09 08:00:00'),(5,'@apurseglove4','3isQp3q','Aridatha Purseglove',NULL,'apurseglove4@oakley.com','2008-10-03','2019-06-18 08:00:00'),(6,'@cbursnall5','qAbhopXL3o','Cornie Bursnall',NULL,'cbursnall5@toplist.cz','2008-10-31','2020-02-17 10:00:00'),(7,'@smeriot6','Zi3TWHAtswMQ','Skipton Meriot','Guayabal de Síquima','smeriot6@apple.com','2008-07-26','2019-05-20 08:00:00'),(8,'@giddens7','ll79ERh','Guglielmo Iddens','Toulouse','giddens7@boston.com','1998-10-22','2019-05-03 08:00:00'),(9,'@bchieze8','nbjCQTDy','Bonny Chieze','Setun’','bchieze8@tripod.com','2005-07-17','2019-08-13 08:00:00'),(10,'@csievewright9','qaMoImJQoEbi','Cassie Sievewright','Kantemirovka','csievewright9@tripadvisor.com','2003-05-30','2019-10-24 08:00:00'),(11,'@cgoldinga','hCIkJDgfNjB','Cecilla Golding',NULL,'cgoldinga@shinystat.com','1991-03-25','2019-05-25 08:00:00'),(12,'@ameatesb','LsQZBq0P','Arvy Meates','Sułoszowa','ameatesb@nymag.com','1995-11-01','2020-01-18 10:00:00'),(13,'@sfritschmannc','R2dPFPZVzLr','Sherrie Fritschmann',NULL,'sfritschmannc@scribd.com','2009-05-03','2020-02-19 10:00:00'),(14,'@cmeadowcroftd','nTQWFSC8x','Cecil Meadowcroft',NULL,'cmeadowcroftd@php.net','1998-06-24','2019-05-31 08:00:00'),(15,'@gleslye','LzGTkaRo3J','Griffin Lesly',NULL,'gleslye@businesswire.com','2001-10-13','2019-11-04 10:00:00'),(16,'@cpengellyf','But2hMBtDjwW','Creigh Pengelly','Kebonkaret','cpengellyf@wired.com','1993-02-23','2019-06-15 08:00:00'),(17,'@kthieseg','q3jYpf3BBoCE','Katlin Thiese','Soio','kthieseg@ucla.edu','2007-12-08','2020-02-13 10:00:00'),(18,'@roquinh','Hi6feuBMj','Ruth O\'Quin','Newcastle','roquinh@google.ca','2009-02-26','2019-04-28 08:00:00'),(19,'@gbendlei','IKl9K42ZK','Giustino Bendle',NULL,'gbendlei@xing.com','1992-08-14','2019-11-19 10:00:00'),(20,'@jhainj','lo1XdzY','Jessie Hain','Shuanghe','jhainj@washingtonpost.com','1996-09-26','2019-09-08 08:00:00'),(21,'@tbannerk','ZOtsfbTHyA','Tallie Banner','Ten’gushevo','tbannerk@unicef.org','2004-10-07','2019-09-22 08:00:00'),(22,'@nmcnultyl','Fk3cjRHkaK5','Nefen McNulty','Swinford','nmcnultyl@umn.edu','1999-11-10','2019-08-24 08:00:00'),(23,'@csesonsm','ehGBYo','Cchaddie Sesons',NULL,'csesonsm@smh.com.au','2004-03-08','2020-03-02 10:00:00'),(24,'@mmennelln','VacPk0pRl','Matty Mennell','Quitilipi','mmennelln@reuters.com','2009-01-13','2019-07-28 08:00:00'),(25,'@nhouseno','lzxaIR','Nettle Housen','Alor Setar','nhouseno@thetimes.co.uk','1992-01-16','2019-09-24 08:00:00'),(26,'@cskellsp','KI23N3TZgV1l','Claretta Skells','Wangkung','cskellsp@youtu.be','2008-02-21','2019-07-24 08:00:00'),(27,'@ddissq','S8BAtRSv','Danika Diss','Mingjing','ddissq@yandex.ru','2004-01-02','2019-08-03 08:00:00'),(28,'@jduckelsr','RUJN2jbVcZFb','Jacquie Duckels','Tabwakea Village','jduckelsr@twitter.com','2002-11-08','2019-05-05 08:00:00'),(29,'@lklimmeks','BEv3iR','Leonidas Klimmek',NULL,'lklimmeks@slate.com','2004-06-16','2019-08-17 08:00:00'),(30,'@lsuffet','rduwdIbaXtN','Lin Suffe','Tobatí','lsuffet@amazon.de','2004-10-13','2019-07-14 08:00:00'),(31,'@hnoriegau','0LaKPxzBHn','Hedwig Noriega','Gambut','hnoriegau@timesonline.co.uk','2000-03-11','2020-01-05 10:00:00'),(32,'@hlappingv','sBj8sM83b','Hermann Lapping','Xigebi','hlappingv@house.gov','2007-10-02','2019-06-21 08:00:00'),(33,'@gtzarkovw','U2ZNyev2za','Gabriell Tzarkov','Sapat','gtzarkovw@mysql.com','2003-04-28','2020-04-07 08:00:00'),(34,'@adominettix','GymcLoeDTlsj','Ariella Dominetti','Dārayyā','adominettix@smugmug.com','1999-11-13','2019-09-20 08:00:00'),(35,'@nhoyesy','mmCBlPFOo4','Noemi Hoyes','Gradec','nhoyesy@fastcompany.com','1989-10-07','2019-08-25 08:00:00'),(36,'@osleightholmez','uiPublHAp','Orella Sleightholme','Xiaoduchuan','osleightholmez@boston.com','1998-05-03','2019-06-23 08:00:00'),(37,'@fmea10','gDdHLADi02','Fania Mea','Maying','fmea10@facebook.com','1998-11-01','2019-06-26 08:00:00'),(38,'@jpochon11','slHugOjZ','Janene Pochon','Nkongsamba','jpochon11@ehow.com','1999-05-19','2019-11-09 10:00:00'),(39,'@hfawdrey12','58Lrzjbv','Halsy Fawdrey','El Paso','hfawdrey12@tripod.com','1998-06-22','2019-08-03 08:00:00'),(40,'@acolliar13','RCtHsNy21','Alf Colliar','Mohelno','acolliar13@typepad.com','1993-02-25','2019-05-15 08:00:00'),(41,'@lhousin14','uMXEAF','Lindy Housin','Sørvágur','lhousin14@flickr.com','2006-09-12','2019-10-25 08:00:00'),(42,'@crimour15','OigIuInvVnyO','Celka Rimour','Guadalupe','crimour15@deliciousdays.com','1998-02-03','2019-12-09 10:00:00'),(43,'@jgosby16','6UDS1Git','Jaymie Gosby',NULL,'jgosby16@sphinn.com','2003-03-29','2020-04-04 08:00:00');
/*!40000 ALTER TABLE `Identity` ENABLE KEYS */;
UNLOCK TABLES;

--
-- Table structure for table `Reprint`
--

DROP TABLE IF EXISTS `Reprint`;
/*!40101 SET @saved_cs_client     = @@character_set_client */;
/*!40101 SET character_set_client = utf8 */;
CREATE TABLE `Reprint` (
  `rpnum` bigint(20) NOT NULL AUTO_INCREMENT,
  `idnum` bigint(20) DEFAULT NULL,
  `sidnum` bigint(20) DEFAULT NULL,
  `likeit` tinyint(1) DEFAULT NULL,
  `tstamp` timestamp NOT NULL DEFAULT CURRENT_TIMESTAMP ON UPDATE CURRENT_TIMESTAMP,
  PRIMARY KEY (`rpnum`),
  KEY `idnum` (`idnum`),
  KEY `sidnum` (`sidnum`),
  CONSTRAINT `Reprint_ibfk_1` FOREIGN KEY (`idnum`) REFERENCES `Identity` (`idnum`),
  CONSTRAINT `Reprint_ibfk_2` FOREIGN KEY (`sidnum`) REFERENCES `Story` (`sidnum`)
) ENGINE=InnoDB AUTO_INCREMENT=101 DEFAULT CHARSET=utf8mb4 COMMENT='The Reprint Table';
/*!40101 SET character_set_client = @saved_cs_client */;

--
-- Dumping data for table `Reprint`
--

LOCK TABLES `Reprint` WRITE;
/*!40000 ALTER TABLE `Reprint` DISABLE KEYS */;
INSERT INTO `Reprint` VALUES (1,28,59,0,'2020-04-29 22:46:50'),(2,11,28,1,'2020-04-29 22:46:50'),(3,1,87,1,'2020-04-29 22:46:50'),(4,10,11,1,'2020-04-29 22:46:50'),(5,40,5,1,'2020-04-29 22:46:50'),(6,15,52,0,'2020-04-29 22:46:50'),(7,3,4,0,'2020-04-29 22:46:50'),(8,6,3,0,'2020-04-29 22:46:50'),(9,2,72,1,'2020-04-29 22:46:50'),(10,28,75,1,'2020-04-29 22:46:50'),(11,29,43,0,'2020-04-29 22:46:50'),(12,3,73,1,'2020-04-29 22:46:51'),(13,4,7,0,'2020-04-29 22:46:51'),(14,14,37,1,'2020-04-29 22:46:51'),(15,34,5,1,'2020-04-29 22:46:51'),(16,33,42,1,'2020-04-29 22:46:51'),(17,33,85,0,'2020-04-29 22:46:51'),(18,43,69,0,'2020-04-29 22:46:51'),(19,43,71,1,'2020-04-29 22:46:51'),(20,22,15,1,'2020-04-29 22:46:52'),(21,27,53,0,'2020-04-29 22:46:52'),(22,25,78,0,'2020-04-29 22:46:52'),(23,16,15,0,'2020-04-29 22:46:52'),(24,8,88,0,'2020-04-29 22:46:52'),(25,6,34,1,'2020-04-29 22:46:52'),(26,34,49,1,'2020-04-29 22:46:52'),(27,43,35,0,'2020-04-29 22:46:52'),(28,37,56,1,'2020-04-29 22:46:52'),(29,42,78,0,'2020-04-29 22:46:52'),(30,2,76,1,'2020-04-29 22:46:52'),(31,43,32,1,'2020-04-29 22:46:52'),(32,4,52,0,'2020-04-29 22:46:52'),(33,7,14,0,'2020-04-29 22:46:52'),(34,36,19,1,'2020-04-29 22:46:52'),(35,2,10,1,'2020-04-29 22:46:52'),(36,19,85,1,'2020-04-29 22:46:52'),(37,13,25,0,'2020-04-29 22:46:52'),(38,33,2,1,'2020-04-29 22:46:52'),(39,28,13,0,'2020-04-29 22:46:52'),(40,18,72,1,'2020-04-29 22:46:52'),(41,1,63,1,'2020-04-29 22:46:52'),(42,22,46,1,'2020-04-29 22:46:52'),(43,29,89,0,'2020-04-29 22:46:53'),(44,30,91,1,'2020-04-29 22:46:53'),(45,15,38,1,'2020-04-29 22:46:53'),(46,42,39,1,'2020-04-29 22:46:53'),(47,39,58,0,'2020-04-29 22:46:53'),(48,40,25,1,'2020-04-29 22:46:53'),(49,7,88,0,'2020-04-29 22:46:53'),(50,1,2,1,'2020-04-29 22:46:53'),(51,29,41,0,'2020-04-29 22:46:53'),(52,37,88,0,'2020-04-29 22:46:53'),(53,14,85,0,'2020-04-29 22:46:53'),(54,16,69,0,'2020-04-29 22:46:53'),(55,16,14,1,'2020-04-29 22:46:53'),(56,42,62,0,'2020-04-29 22:46:53'),(57,10,70,0,'2020-04-29 22:46:53'),(58,29,98,1,'2020-04-29 22:46:53'),(59,31,3,1,'2020-04-29 22:46:53'),(60,10,11,1,'2020-04-29 22:46:53'),(61,42,35,1,'2020-04-29 22:46:53'),(62,38,90,1,'2020-04-29 22:46:53'),(63,34,87,0,'2020-04-29 22:46:53'),(64,38,3,1,'2020-04-29 22:46:53'),(65,15,88,1,'2020-04-29 22:46:53'),(66,34,63,1,'2020-04-29 22:46:53'),(67,10,7,1,'2020-04-29 22:46:53'),(68,19,98,0,'2020-04-29 22:46:54'),(69,7,26,1,'2020-04-29 22:46:54'),(70,17,39,0,'2020-04-29 22:46:54'),(71,43,80,0,'2020-04-29 22:46:54'),(72,9,81,1,'2020-04-29 22:46:54'),(73,20,89,1,'2020-04-29 22:46:54'),(74,5,39,0,'2020-04-29 22:46:54'),(75,16,52,1,'2020-04-29 22:46:54'),(76,28,14,0,'2020-04-29 22:46:54'),(77,7,4,0,'2020-04-29 22:46:54'),(78,12,85,1,'2020-04-29 22:46:54'),(79,31,73,1,'2020-04-29 22:46:54'),(80,6,40,0,'2020-04-29 22:46:54'),(81,26,36,0,'2020-04-29 22:46:54'),(82,31,37,1,'2020-04-29 22:46:54'),(83,31,79,1,'2020-04-29 22:46:54'),(84,34,33,1,'2020-04-29 22:46:54'),(85,3,34,0,'2020-04-29 22:46:54'),(86,39,19,1,'2020-04-29 22:46:54'),(87,12,45,1,'2020-04-29 22:46:55'),(88,26,87,1,'2020-04-29 22:46:55'),(89,17,67,1,'2020-04-29 22:46:55'),(90,26,46,1,'2020-04-29 22:46:55'),(91,5,78,0,'2020-04-29 22:46:56'),(92,34,66,1,'2020-04-29 22:46:56'),(93,33,1,1,'2020-04-29 22:46:56'),(94,18,97,1,'2020-04-29 22:46:56'),(95,29,87,1,'2020-04-29 22:46:56'),(96,19,94,1,'2020-04-29 22:46:56'),(97,33,24,1,'2020-04-29 22:46:56'),(98,43,27,0,'2020-04-29 22:46:56'),(99,41,94,0,'2020-04-29 22:46:56'),(100,36,100,0,'2020-04-29 22:46:56');
/*!40000 ALTER TABLE `Reprint` ENABLE KEYS */;
UNLOCK TABLES;

--
-- Table structure for table `Story`
--

DROP TABLE IF EXISTS `Story`;
/*!40101 SET @saved_cs_client     = @@character_set_client */;
/*!40101 SET character_set_client = utf8 */;
CREATE TABLE `Story` (
  `sidnum` bigint(20) NOT NULL AUTO_INCREMENT,
  `idnum` bigint(20) DEFAULT NULL,
  `chapter` varchar(100) NOT NULL,
  `url` varchar(100) DEFAULT NULL,
  `expires` datetime DEFAULT NULL,
  `tstamp` timestamp NOT NULL DEFAULT CURRENT_TIMESTAMP ON UPDATE CURRENT_TIMESTAMP,
  PRIMARY KEY (`sidnum`),
  KEY `idnum` (`idnum`),
  CONSTRAINT `Story_ibfk_1` FOREIGN KEY (`idnum`) REFERENCES `Identity` (`idnum`)
) ENGINE=InnoDB AUTO_INCREMENT=101 DEFAULT CHARSET=utf8mb4 COMMENT='The Story Table';
/*!40101 SET character_set_client = @saved_cs_client */;

--
-- Dumping data for table `Story`
--

LOCK TABLES `Story` WRITE;
/*!40000 ALTER TABLE `Story` DISABLE KEYS */;
INSERT INTO `Story` VALUES (1,19,'sagittis nam',NULL,'2020-06-13 23:47:42','2020-04-28 18:09:57'),(2,11,'sit amet cursus id turpis integer aliquet massa id lobortis convallis tortor risus dapibus',NULL,'2021-10-24 23:10:31','2020-04-28 18:09:57'),(3,33,'sit amet justo morbi ut odio',NULL,'2024-04-22 03:22:15','2020-04-28 18:09:57'),(4,23,'vestibulum rutrum rutrum neque aenean auctor gravida sem praesent id',NULL,'2022-07-19 04:39:17','2020-04-28 18:09:57'),(5,24,'suspendisse potenti cras in purus eu magna vulputate luctus cum sociis natoque','http://dummyimage.com/223x204.jpg/5fa2dd/ffffff','2023-03-06 13:24:11','2020-04-28 18:09:57'),(6,29,'ac nulla sed vel enim',NULL,'2023-11-18 10:34:20','2020-04-28 18:09:58'),(7,21,'at turpis a pede posuere',NULL,'2021-04-27 21:35:30','2020-04-28 18:09:58'),(8,7,'luctus ultricies eu','http://dummyimage.com/160x138.jpg/dddddd/000000','2020-06-28 04:14:02','2020-04-28 18:09:58'),(9,41,'ligula vehicula consequat morbi a',NULL,'2022-04-30 04:51:28','2020-04-28 18:09:58'),(10,6,'sed ante vivamus tortor duis mattis egestas','http://dummyimage.com/180x130.jpg/cc0000/ffffff','2022-08-23 04:03:24','2020-04-28 18:09:58'),(11,3,'vel enim sit amet nunc viverra dapibus nulla suscipit','http://dummyimage.com/191x183.png/cc0000/ffffff','2022-09-02 21:08:59','2020-04-28 18:09:58'),(12,37,'velit vivamus vel nulla','http://dummyimage.com/250x154.bmp/ff4444/ffffff','2020-12-21 04:13:18','2020-04-28 18:09:58'),(13,38,'nulla justo aliquam quis turpis eget elit sodales scelerisque mauris sit amet',NULL,'2020-10-05 13:43:34','2020-04-28 18:09:58'),(14,38,'pellentesque ultrices mattis odio donec vitae nisi nam ultrices libero non mattis',NULL,'2022-05-22 16:18:02','2020-04-28 18:09:58'),(15,23,'id sapien in sapien iaculis congue vivamus metus arcu adipiscing molestie hendrerit at vulputate','http://dummyimage.com/129x205.jpg/5fa2dd/ffffff','2024-03-25 04:48:11','2020-04-28 18:09:58'),(16,42,'maecenas pulvinar lobortis est phasellus sit amet erat nulla tempus vivamus in felis','http://dummyimage.com/200x192.jpg/5fa2dd/ffffff','2023-08-03 11:08:08','2020-04-28 18:09:58'),(17,34,'purus eu magna vulputate luctus cum sociis natoque',NULL,'2024-04-10 16:09:02','2020-04-28 18:09:58'),(18,40,'justo sollicitudin ut suscipit a feugiat et eros vestibulum ac est lacinia',NULL,'2022-05-11 01:05:06','2020-04-28 18:09:58'),(19,34,'hac habitasse platea dictumst etiam faucibus cursus urna ut tellus nulla','http://dummyimage.com/146x200.jpg/ff4444/ffffff','2021-10-30 16:28:48','2020-04-28 18:09:58'),(20,25,'quam sapien varius ut blandit non interdum in ante vestibulum ante ipsum primis in',NULL,'2022-08-06 20:12:06','2020-04-28 18:09:58'),(21,31,'sit amet sapien dignissim vestibulum vestibulum ante ipsum primis in faucibus orci luctus','http://dummyimage.com/103x250.png/5fa2dd/ffffff','2021-01-16 20:42:36','2020-04-28 18:09:58'),(22,39,'in ante vestibulum ante ipsum primis',NULL,'2023-11-03 00:10:35','2020-04-28 18:09:58'),(23,43,'nisl venenatis lacinia aenean sit amet justo morbi ut odio cras mi pede',NULL,'2022-02-14 06:00:06','2020-04-28 18:09:58'),(24,31,'varius nulla facilisi cras non velit nec','http://dummyimage.com/183x144.bmp/5fa2dd/ffffff','2022-09-28 18:39:12','2020-04-28 18:09:59'),(25,38,'hac habitasse platea dictumst maecenas','http://dummyimage.com/200x167.bmp/dddddd/000000','2020-12-28 01:03:26','2020-04-28 18:09:59'),(26,38,'tortor sollicitudin mi sit amet lobortis','http://dummyimage.com/137x107.png/5fa2dd/ffffff','2020-08-03 21:20:07','2020-04-28 18:09:59'),(27,31,'tincidunt nulla mollis molestie lorem','http://dummyimage.com/183x100.jpg/ff4444/ffffff','2020-08-14 12:33:14','2020-04-28 18:09:59'),(28,43,'consequat varius integer ac leo pellentesque ultrices mattis odio donec vitae nisi nam',NULL,'2024-10-13 17:27:56','2020-04-28 18:09:59'),(29,39,'ante ipsum primis in faucibus','http://dummyimage.com/117x128.bmp/ff4444/ffffff','2021-10-12 16:41:21','2020-04-28 18:09:59'),(30,16,'bibendum imperdiet',NULL,'2021-04-02 19:32:20','2020-04-28 18:09:59'),(31,22,'sit amet justo morbi ut odio cras',NULL,'2023-06-25 10:05:03','2020-04-28 18:09:59'),(32,10,'mus vivamus vestibulum sagittis sapien cum','http://dummyimage.com/109x191.jpg/dddddd/000000','2020-09-25 18:17:51','2020-04-28 18:09:59'),(33,28,'augue vel accumsan tellus nisi eu','http://dummyimage.com/163x121.bmp/5fa2dd/ffffff','2021-01-10 01:06:45','2020-04-28 18:09:59'),(34,10,'massa id lobortis convallis tortor risus dapibus augue vel accumsan','http://dummyimage.com/130x243.jpg/5fa2dd/ffffff','2021-02-15 21:17:35','2020-04-28 18:09:59'),(35,33,'suspendisse',NULL,'2024-03-24 12:02:19','2020-04-28 18:09:59'),(36,36,'odio porttitor id consequat in consequat ut nulla',NULL,'2025-03-16 21:23:03','2020-04-28 18:09:59'),(37,21,'sed lacus morbi sem mauris laoreet ut rhoncus aliquet pulvinar sed nisl nunc','http://dummyimage.com/174x244.bmp/cc0000/ffffff','2022-09-01 13:42:54','2020-04-28 18:09:59'),(38,24,'neque libero','http://dummyimage.com/217x104.png/cc0000/ffffff','2022-07-29 11:14:06','2020-04-28 18:09:59'),(39,9,'in consequat ut',NULL,'2020-06-28 08:41:59','2020-04-28 18:09:59'),(40,31,'feugiat et eros',NULL,'2025-03-26 06:10:22','2020-04-28 18:09:59'),(41,42,'sed sagittis nam congue risus semper porta volutpat quam pede lobortis ligula sit amet',NULL,'2020-10-25 09:28:00','2020-04-28 18:09:59'),(42,42,'varius nulla facilisi cras non velit nec nisi vulputate',NULL,'2021-09-25 12:20:18','2020-04-28 18:10:00'),(43,13,'tempus vivamus in','http://dummyimage.com/103x110.png/cc0000/ffffff','2023-08-08 08:16:27','2020-04-28 18:10:00'),(44,7,'nam ultrices libero non mattis pulvinar nulla pede ullamcorper augue a suscipit nulla',NULL,'2024-08-26 14:18:50','2020-04-28 18:10:00'),(45,17,'ipsum primis in faucibus orci luctus et',NULL,'2023-07-07 07:48:39','2020-04-28 18:10:00'),(46,13,'nulla suspendisse potenti cras in purus eu',NULL,'2023-02-26 10:09:50','2020-04-28 18:10:00'),(47,35,'donec ut mauris eget massa tempor convallis nulla neque libero convallis',NULL,'2024-10-20 04:51:21','2020-04-28 18:10:00'),(48,24,'consequat varius integer ac',NULL,'2025-04-12 19:09:21','2020-04-28 18:10:00'),(49,31,'est donec odio justo sollicitudin ut suscipit a feugiat',NULL,'2024-04-08 19:08:02','2020-04-28 18:10:00'),(50,31,'fringilla rhoncus mauris enim','http://dummyimage.com/214x216.jpg/cc0000/ffffff','2024-04-22 09:21:50','2020-04-28 18:10:00'),(51,18,'faucibus accumsan odio curabitur convallis duis consequat dui nec nisi volutpat eleifend donec ut do',NULL,'2021-05-12 01:30:28','2020-04-28 18:10:00'),(52,37,'nunc commodo',NULL,'2021-03-11 10:37:17','2020-04-28 18:10:00'),(53,30,'ut massa quis augue luctus tincidunt nulla mollis molestie lorem quisque ut erat curabitur gravida','http://dummyimage.com/119x184.png/ff4444/ffffff','2020-05-10 07:40:28','2020-04-28 18:10:00'),(54,33,'rutrum at',NULL,'2025-03-28 07:10:16','2020-04-28 18:10:00'),(55,10,'libero rutrum',NULL,'2023-12-05 09:53:22','2020-04-28 18:10:01'),(56,7,'aliquet at feugiat non pretium quis lectus suspendisse','http://dummyimage.com/170x175.bmp/dddddd/000000','2022-11-27 10:56:25','2020-04-28 18:10:01'),(57,11,'ipsum primis','http://dummyimage.com/139x115.bmp/dddddd/000000','2023-11-25 22:15:12','2020-04-28 18:10:01'),(58,6,'habitasse platea dictumst etiam faucibus cursus urna ut tellus nulla',NULL,'2023-08-06 15:08:33','2020-04-28 18:10:01'),(59,43,'augue luctus','http://dummyimage.com/108x127.png/dddddd/000000','2022-10-10 20:40:21','2020-04-28 18:10:01'),(60,22,'vulputate vitae nisl aenean lectus pellentesque eget',NULL,'2024-10-23 12:19:22','2020-04-28 18:10:01'),(61,6,'nulla dapibus dolor vel est donec odio justo sollicitudin ut suscipit a feugiat et','http://dummyimage.com/196x250.jpg/ff4444/ffffff','2024-04-03 05:03:10','2020-04-28 18:10:01'),(62,22,'rutrum at lorem integer tincidunt ante vel ipsum praesent blandit lacinia erat vestibulum sed',NULL,'2024-09-28 13:12:27','2020-04-28 18:10:02'),(63,34,'ut erat id mauris vulputate elementum nullam varius nulla facilisi','http://dummyimage.com/204x120.png/5fa2dd/ffffff','2023-04-13 23:06:32','2020-04-28 18:10:02'),(64,16,'suspendisse',NULL,'2024-10-24 21:00:35','2020-04-28 18:10:02'),(65,40,'justo pellentesque viverra pede ac diam cras',NULL,'2021-10-18 04:03:39','2020-04-28 18:10:02'),(66,35,'quisque',NULL,'2024-12-16 16:10:07','2020-04-28 18:10:02'),(67,24,'habitasse platea dictumst aliquam augue quam sollicitudin vitae',NULL,'2022-11-18 02:57:29','2020-04-28 18:10:03'),(68,20,'vitae mattis nibh ligula nec sem duis aliquam convallis','http://dummyimage.com/182x178.jpg/ff4444/ffffff','2021-11-17 21:26:46','2020-04-28 18:10:03'),(69,17,'volutpat dui maecenas tristique est et tempus semper est quam pharetra magna','http://dummyimage.com/248x120.jpg/5fa2dd/ffffff','2023-07-27 16:13:38','2020-04-28 18:10:03'),(70,12,'consequat ut nulla',NULL,'2021-06-27 07:18:04','2020-04-28 18:10:03'),(71,5,'in eleifend quam a odio in hac habitasse platea dictumst maecenas',NULL,'2020-08-04 09:50:56','2020-04-28 18:10:03'),(72,18,'habitasse platea','http://dummyimage.com/183x177.bmp/5fa2dd/ffffff','2022-02-27 14:17:26','2020-04-28 18:10:03'),(73,31,'mauris sit amet eros suspendisse accumsan tortor quis','http://dummyimage.com/245x209.png/5fa2dd/ffffff','2021-07-16 05:53:46','2020-04-28 18:10:04'),(74,33,'sed sagittis nam congue risus semper porta volutpat quam pede lobortis','http://dummyimage.com/232x225.bmp/dddddd/000000','2023-10-10 04:17:44','2020-04-28 18:10:04'),(75,27,'ut volutpat sapien arcu sed augue aliquam erat volutpat in',NULL,'2024-09-06 06:32:45','2020-04-28 18:10:04'),(76,36,'pulvinar sed nisl nunc rhoncus dui vel sem sed sagittis nam',NULL,'2023-12-17 23:17:22','2020-04-28 18:10:05'),(77,8,'dictumst morbi vestibulum velit id pretium iaculis diam erat fermentum justo nec condimentum',NULL,'2020-12-25 21:13:19','2020-04-28 18:10:05'),(78,17,'augue vel accumsan tellus nisi eu orci mauris lacinia sapien','http://dummyimage.com/120x213.png/cc0000/ffffff','2021-09-11 04:14:40','2020-04-28 18:10:05'),(79,34,'elit ac nulla sed vel enim','http://dummyimage.com/241x124.jpg/5fa2dd/ffffff','2024-08-31 08:34:22','2020-04-28 18:10:05'),(80,1,'a',NULL,'2024-04-06 09:00:36','2020-04-28 18:10:05'),(81,37,'in faucibus orci luctus et ultrices posuere','http://dummyimage.com/115x104.bmp/cc0000/ffffff','2024-06-17 13:41:55','2020-04-28 18:10:05'),(82,2,'elit sodales scelerisque mauris sit amet eros suspendisse accumsan tortor quis turpis','http://dummyimage.com/146x168.bmp/5fa2dd/ffffff','2024-03-17 02:50:37','2020-04-28 18:10:05'),(83,19,'id sapien in sapien iaculis congue','http://dummyimage.com/232x157.png/5fa2dd/ffffff','2021-02-23 09:59:56','2020-04-28 18:10:05'),(84,30,'libero nullam sit amet turpis elementum ligula vehicula consequat','http://dummyimage.com/200x142.jpg/5fa2dd/ffffff','2023-04-17 00:25:41','2020-04-28 18:10:05'),(85,16,'tortor sollicitudin mi sit amet lobortis sapien sapien non mi integer ac',NULL,'2020-12-29 16:58:44','2020-04-28 18:10:05'),(86,19,'arcu libero rutrum ac lobortis vel dapibus at diam nam tristique tortor eu pede',NULL,'2023-07-21 16:16:45','2020-04-28 18:10:05'),(87,10,'sapien','http://dummyimage.com/206x205.bmp/ff4444/ffffff','2024-07-25 16:48:16','2020-04-28 18:10:05'),(88,16,'ridiculus mus etiam vel augue vestibulum rutrum rutrum neque aenean auctor gravida','http://dummyimage.com/222x132.jpg/dddddd/000000','2022-10-22 10:24:13','2020-04-28 18:10:05'),(89,26,'maecenas tristique est et tempus semper',NULL,'2021-08-25 03:57:37','2020-04-28 18:10:05'),(90,42,'nullam orci pede venenatis non sodales sed tincidunt eu felis fusce posuere',NULL,'2024-08-04 07:19:36','2020-04-28 18:10:06'),(91,8,'aliquet ultrices erat tortor sollicitudin mi sit amet lobortis sapien sapien non mi integer','http://dummyimage.com/167x215.jpg/dddddd/000000','2024-01-20 05:12:36','2020-04-28 18:10:06'),(92,32,'habitasse platea dictumst aliquam augue quam sollicitudin vitae consectetuer eget rutrum at lorem in',NULL,'2023-11-06 18:45:07','2020-04-28 18:10:06'),(93,11,'mauris non ligula pellentesque ultrices phasellus id sapien in sapien iaculis congue vivamus',NULL,'2023-09-17 18:17:57','2020-04-28 18:10:06'),(94,40,'dapibus augue','http://dummyimage.com/188x231.png/dddddd/000000','2025-04-14 02:23:57','2020-04-28 18:10:06'),(95,34,'curae duis faucibus accumsan odio curabitur convallis duis consequat',NULL,'2020-08-07 00:08:52','2020-04-28 18:10:06'),(96,30,'elementum ligula vehicula consequat',NULL,'2023-02-23 13:31:41','2020-04-28 18:10:06'),(97,8,'sit',NULL,'2024-03-10 13:21:57','2020-04-28 18:10:06'),(98,26,'ipsum integer a nibh in quis justo maecenas','http://dummyimage.com/123x196.bmp/cc0000/ffffff','2021-12-15 06:10:15','2020-04-28 18:10:06'),(99,38,'sapien dignissim','http://dummyimage.com/113x133.png/dddddd/000000','2022-01-05 04:08:48','2020-04-28 18:10:06'),(100,22,'augue aliquam erat volutpat in congue',NULL,'2024-12-25 13:14:56','2020-04-28 18:10:06');
/*!40000 ALTER TABLE `Story` ENABLE KEYS */;
UNLOCK TABLES;
/*!40103 SET TIME_ZONE=@OLD_TIME_ZONE */;

/*!40101 SET SQL_MODE=@OLD_SQL_MODE */;
/*!40014 SET FOREIGN_KEY_CHECKS=@OLD_FOREIGN_KEY_CHECKS */;
/*!40014 SET UNIQUE_CHECKS=@OLD_UNIQUE_CHECKS */;
/*!40101 SET CHARACTER_SET_CLIENT=@OLD_CHARACTER_SET_CLIENT */;
/*!40101 SET CHARACTER_SET_RESULTS=@OLD_CHARACTER_SET_RESULTS */;
/*!40101 SET COLLATION_CONNECTION=@OLD_COLLATION_CONNECTION */;
/*!40111 SET SQL_NOTES=@OLD_SQL_NOTES */;

-- Dump completed on 2020-04-29 18:47:57
