-- MySQL dump 10.16  Distrib 10.1.44-MariaDB, for debian-linux-gnu (x86_64)
--
-- Host: localhost    Database: SMPDB
-- ------------------------------------------------------
-- Server version	10.1.44-MariaDB-0ubuntu0.18.04.1

/*!40101 SET @OLD_CHARACTER_SET_CLIENT=@@CHARACTER_SET_CLIENT */;
/*!40101 SET @OLD_CHARACTER_SET_RESULTS=@@CHARACTER_SET_RESULTS */;
/*!40101 SET @OLD_COLLATION_CONNECTION=@@COLLATION_CONNECTION */;
/*!40101 SET NAMES utf8mb4 */;
/*!40103 SET @OLD_TIME_ZONE=@@TIME_ZONE */;
/*!40103 SET TIME_ZONE='+00:00' */;
/*!40014 SET @OLD_UNIQUE_CHECKS=@@UNIQUE_CHECKS, UNIQUE_CHECKS=0 */;
/*!40014 SET @OLD_FOREIGN_KEY_CHECKS=@@FOREIGN_KEY_CHECKS, FOREIGN_KEY_CHECKS=0 */;
/*!40101 SET @OLD_SQL_MODE=@@SQL_MODE, SQL_MODE='NO_AUTO_VALUE_ON_ZERO' */;
/*!40111 SET @OLD_SQL_NOTES=@@SQL_NOTES, SQL_NOTES=0 */;

--
-- Table structure for table `Block`
--

DROP TABLE IF EXISTS `Block`;
/*!40101 SET @saved_cs_client     = @@character_set_client */;
/*!40101 SET character_set_client = utf8 */;
CREATE TABLE `Block` (
  `blknum` bigint(20) NOT NULL AUTO_INCREMENT,
  `idnum` bigint(20) DEFAULT NULL,
  `blocked` bigint(20) DEFAULT NULL,
  `tstamp` timestamp NOT NULL DEFAULT CURRENT_TIMESTAMP,
  PRIMARY KEY (`blknum`),
  KEY `fk_blocked` (`blocked`),
  KEY `fk_xidnum` (`idnum`)
) ENGINE=InnoDB AUTO_INCREMENT=51 DEFAULT CHARSET=utf8mb4 COMMENT='The Block Table';
/*!40101 SET character_set_client = @saved_cs_client */;

--
-- Dumping data for table `Block`
--

LOCK TABLES `Block` WRITE;
/*!40000 ALTER TABLE `Block` DISABLE KEYS */;
INSERT INTO `Block` VALUES (1,32,33,'2020-04-28 14:22:26'),(2,11,22,'2020-04-28 14:22:26'),(3,1,16,'2020-04-28 14:22:26'),(4,19,22,'2020-04-28 14:22:26'),(5,29,28,'2020-04-28 14:22:26'),(6,11,35,'2020-04-28 14:22:26'),(7,22,42,'2020-04-28 14:22:26'),(8,24,35,'2020-04-28 14:22:26'),(9,26,9,'2020-04-28 14:22:26'),(10,34,15,'2020-04-28 14:22:26'),(11,31,43,'2020-04-28 14:22:26'),(12,14,20,'2020-04-28 14:22:26'),(13,11,30,'2020-04-28 14:22:26'),(14,22,40,'2020-04-28 14:22:26'),(15,32,22,'2020-04-28 14:22:26'),(16,7,32,'2020-04-28 14:22:26'),(17,22,9,'2020-04-28 14:22:27'),(18,36,25,'2020-04-28 14:22:27'),(19,16,32,'2020-04-28 14:22:27'),(20,4,37,'2020-04-28 14:22:27'),(21,25,14,'2020-04-28 14:22:27'),(22,8,36,'2020-04-28 14:22:27'),(23,3,22,'2020-04-28 14:22:27'),(24,5,18,'2020-04-28 14:22:27'),(25,2,13,'2020-04-28 14:22:27'),(26,36,6,'2020-04-28 14:22:27'),(27,2,6,'2020-04-28 14:22:27'),(28,37,12,'2020-04-28 14:22:27'),(29,34,7,'2020-04-28 14:22:27'),(30,26,28,'2020-04-28 14:22:27'),(31,21,10,'2020-04-28 14:22:27'),(32,33,3,'2020-04-28 14:22:27'),(33,13,4,'2020-04-28 14:22:28'),(34,21,12,'2020-04-28 14:22:28'),(35,23,16,'2020-04-28 14:22:28'),(36,8,38,'2020-04-28 14:22:28'),(37,38,26,'2020-04-28 14:22:28'),(38,6,20,'2020-04-28 14:22:28'),(39,28,37,'2020-04-28 14:22:28'),(40,31,7,'2020-04-28 14:22:28'),(41,34,19,'2020-04-28 14:22:28'),(42,7,13,'2020-04-28 14:22:28'),(43,8,21,'2020-04-28 14:22:28'),(44,38,4,'2020-04-28 14:22:28'),(45,12,17,'2020-04-28 14:22:29'),(46,35,43,'2020-04-28 14:22:29'),(47,40,2,'2020-04-28 14:22:29'),(48,30,8,'2020-04-28 14:22:29'),(49,35,11,'2020-04-28 14:22:29'),(50,39,13,'2020-04-28 14:22:29');
/*!40000 ALTER TABLE `Block` ENABLE KEYS */;
UNLOCK TABLES;

--
-- Table structure for table `Follows`
--

DROP TABLE IF EXISTS `Follows`;
/*!40101 SET @saved_cs_client     = @@character_set_client */;
/*!40101 SET character_set_client = utf8 */;
CREATE TABLE `Follows` (
  `follower` bigint(20) DEFAULT NULL,
  `followed` bigint(20) DEFAULT NULL,
  `tstamp` timestamp NOT NULL DEFAULT CURRENT_TIMESTAMP,
  KEY `fk_followed` (`followed`),
  KEY `fk_follower` (`follower`)
) ENGINE=InnoDB DEFAULT CHARSET=utf8mb4 COMMENT='The Follows Table';
/*!40101 SET character_set_client = @saved_cs_client */;

--
-- Dumping data for table `Follows`
--

LOCK TABLES `Follows` WRITE;
/*!40000 ALTER TABLE `Follows` DISABLE KEYS */;
INSERT INTO `Follows` VALUES (32,39,'2020-04-28 14:12:57'),(22,35,'2020-04-28 14:12:57'),(35,27,'2020-04-28 14:12:57'),(18,34,'2020-04-28 14:12:57'),(15,13,'2020-04-28 14:12:57'),(8,41,'2020-04-28 14:12:57'),(39,6,'2020-04-28 14:12:57'),(24,3,'2020-04-28 14:12:57'),(30,22,'2020-04-28 14:12:57'),(27,18,'2020-04-28 14:12:57'),(41,43,'2020-04-28 14:12:57'),(32,7,'2020-04-28 14:12:57'),(42,3,'2020-04-28 14:12:58'),(21,37,'2020-04-28 14:12:58'),(27,30,'2020-04-28 14:12:58'),(8,38,'2020-04-28 14:12:58'),(43,28,'2020-04-28 14:12:58'),(11,9,'2020-04-28 14:12:58'),(1,36,'2020-04-28 14:12:58'),(26,2,'2020-04-28 14:12:58'),(38,6,'2020-04-28 14:12:58'),(34,25,'2020-04-28 14:12:58'),(26,4,'2020-04-28 14:12:58'),(43,25,'2020-04-28 14:12:58'),(27,10,'2020-04-28 14:12:58'),(16,3,'2020-04-28 14:12:58'),(32,12,'2020-04-28 14:12:58'),(12,43,'2020-04-28 14:12:58'),(43,12,'2020-04-28 14:12:58'),(18,12,'2020-04-28 14:12:58'),(20,7,'2020-04-28 14:12:58'),(8,23,'2020-04-28 14:12:58'),(6,3,'2020-04-28 14:12:58'),(6,11,'2020-04-28 14:12:59'),(43,23,'2020-04-28 14:12:59'),(2,32,'2020-04-28 14:12:59'),(25,43,'2020-04-28 14:12:59'),(36,38,'2020-04-28 14:12:59'),(18,39,'2020-04-28 14:12:59'),(32,5,'2020-04-28 14:12:59'),(34,33,'2020-04-28 14:12:59'),(36,13,'2020-04-28 14:12:59'),(3,19,'2020-04-28 14:12:59'),(16,22,'2020-04-28 14:12:59'),(6,13,'2020-04-28 14:12:59'),(6,5,'2020-04-28 14:12:59'),(24,16,'2020-04-28 14:12:59'),(12,23,'2020-04-28 14:12:59'),(23,36,'2020-04-28 14:12:59'),(42,13,'2020-04-28 14:12:59'),(21,37,'2020-04-28 14:12:59'),(10,17,'2020-04-28 14:12:59'),(6,19,'2020-04-28 14:12:59'),(22,18,'2020-04-28 14:12:59'),(3,17,'2020-04-28 14:12:59'),(9,27,'2020-04-28 14:12:59'),(2,43,'2020-04-28 14:12:59'),(42,4,'2020-04-28 14:13:00'),(23,29,'2020-04-28 14:13:00'),(27,12,'2020-04-28 14:13:00'),(1,40,'2020-04-28 14:13:00'),(3,36,'2020-04-28 14:13:00'),(17,16,'2020-04-28 14:13:00'),(15,43,'2020-04-28 14:13:00'),(38,41,'2020-04-28 14:13:00'),(28,34,'2020-04-28 14:13:00'),(34,43,'2020-04-28 14:13:00'),(30,2,'2020-04-28 14:13:00'),(39,9,'2020-04-28 14:13:00'),(31,3,'2020-04-28 14:13:00'),(5,25,'2020-04-28 14:13:00'),(23,2,'2020-04-28 14:13:00'),(37,31,'2020-04-28 14:13:00'),(22,5,'2020-04-28 14:13:00'),(31,16,'2020-04-28 14:13:00'),(3,17,'2020-04-28 14:13:00'),(25,31,'2020-04-28 14:13:00'),(10,42,'2020-04-28 14:13:00'),(35,33,'2020-04-28 14:13:00'),(33,25,'2020-04-28 14:13:00'),(6,36,'2020-04-28 14:13:00'),(10,11,'2020-04-28 14:13:01'),(23,31,'2020-04-28 14:13:01'),(3,19,'2020-04-28 14:13:01'),(28,9,'2020-04-28 14:13:01'),(6,42,'2020-04-28 14:13:01'),(31,21,'2020-04-28 14:13:01'),(29,6,'2020-04-28 14:13:01'),(11,13,'2020-04-28 14:13:01'),(1,36,'2020-04-28 14:13:01'),(16,43,'2020-04-28 14:13:01'),(27,19,'2020-04-28 14:13:01'),(36,16,'2020-04-28 14:13:01'),(41,20,'2020-04-28 14:13:01'),(24,9,'2020-04-28 14:13:01'),(14,3,'2020-04-28 14:13:01'),(33,10,'2020-04-28 14:13:01'),(14,17,'2020-04-28 14:13:01'),(32,14,'2020-04-28 14:13:01'),(20,33,'2020-04-28 14:13:01'),(17,41,'2020-04-28 14:13:01'),(41,32,'2020-04-28 14:13:01'),(8,20,'2020-04-28 14:13:01'),(7,41,'2020-04-28 14:13:01'),(39,16,'2020-04-28 14:13:01'),(34,7,'2020-04-28 14:13:01'),(28,32,'2020-04-28 14:13:01'),(20,34,'2020-04-28 14:13:02'),(43,18,'2020-04-28 14:13:02'),(14,5,'2020-04-28 14:13:02'),(5,23,'2020-04-28 14:13:02'),(34,36,'2020-04-28 14:13:02'),(18,37,'2020-04-28 14:13:02'),(23,13,'2020-04-28 14:13:03'),(12,33,'2020-04-28 14:13:03'),(43,14,'2020-04-28 14:13:03'),(20,38,'2020-04-28 14:13:03'),(41,4,'2020-04-28 14:13:03'),(36,31,'2020-04-28 14:13:03'),(31,32,'2020-04-28 14:13:03'),(14,39,'2020-04-28 14:13:03'),(16,13,'2020-04-28 14:13:03'),(33,10,'2020-04-28 14:13:03'),(21,31,'2020-04-28 14:13:03'),(39,1,'2020-04-28 14:13:03'),(27,13,'2020-04-28 14:13:03'),(21,37,'2020-04-28 14:13:03'),(10,16,'2020-04-28 14:13:03'),(40,3,'2020-04-28 14:13:03'),(17,12,'2020-04-28 14:13:03'),(31,21,'2020-04-28 14:13:04'),(39,9,'2020-04-28 14:13:04'),(24,15,'2020-04-28 14:13:04'),(9,13,'2020-04-28 14:13:04'),(19,4,'2020-04-28 14:13:04'),(22,8,'2020-04-28 14:13:04'),(35,43,'2020-04-28 14:13:04'),(34,31,'2020-04-28 14:13:04'),(7,34,'2020-04-28 14:13:04'),(25,33,'2020-04-28 14:13:04'),(10,18,'2020-04-28 14:13:04'),(12,42,'2020-04-28 14:13:04'),(38,9,'2020-04-28 14:13:04'),(6,16,'2020-04-28 14:13:04'),(32,22,'2020-04-28 14:13:04'),(3,17,'2020-04-28 14:13:04'),(17,19,'2020-04-28 14:13:04'),(9,36,'2020-04-28 14:13:04'),(23,39,'2020-04-28 14:13:04'),(12,25,'2020-04-28 14:13:04'),(3,22,'2020-04-28 14:13:05'),(2,11,'2020-04-28 14:13:05'),(13,38,'2020-04-28 14:13:05'),(10,9,'2020-04-28 14:13:05'),(10,18,'2020-04-28 14:13:05'),(26,35,'2020-04-28 14:13:05'),(29,28,'2020-04-28 14:13:05'),(22,41,'2020-04-28 14:13:05'),(8,36,'2020-04-28 14:13:05'),(34,3,'2020-04-28 14:13:05'),(3,33,'2020-04-28 14:13:05'),(38,2,'2020-04-28 14:13:05'),(37,17,'2020-04-28 14:13:05'),(27,18,'2020-04-28 14:13:05'),(41,5,'2020-04-28 14:13:05'),(34,4,'2020-04-28 14:13:05'),(35,13,'2020-04-28 14:13:05'),(22,31,'2020-04-28 14:13:05'),(10,7,'2020-04-28 14:13:05'),(7,15,'2020-04-28 14:13:05'),(7,42,'2020-04-28 14:13:05'),(7,2,'2020-04-28 14:13:05'),(42,28,'2020-04-28 14:13:05'),(22,43,'2020-04-28 14:13:05'),(1,17,'2020-04-28 14:13:05'),(27,1,'2020-04-28 14:13:05'),(39,41,'2020-04-28 14:13:06'),(16,5,'2020-04-28 14:13:06'),(18,34,'2020-04-28 14:13:06'),(12,29,'2020-04-28 14:13:06'),(42,15,'2020-04-28 14:13:06'),(39,25,'2020-04-28 14:13:06'),(11,39,'2020-04-28 14:13:06'),(39,8,'2020-04-28 14:13:06'),(10,17,'2020-04-28 14:13:06'),(18,24,'2020-04-28 14:13:06'),(42,17,'2020-04-28 14:13:06'),(10,23,'2020-04-28 14:13:06'),(27,43,'2020-04-28 14:13:06'),(18,39,'2020-04-28 14:13:06'),(34,35,'2020-04-28 14:13:06'),(31,25,'2020-04-28 14:13:06'),(36,37,'2020-04-28 14:13:06'),(1,2,'2020-04-28 14:13:06'),(14,18,'2020-04-28 14:13:06'),(31,30,'2020-04-28 14:13:06'),(3,30,'2020-04-28 14:13:06'),(8,38,'2020-04-28 14:13:06'),(39,33,'2020-04-28 14:13:06'),(40,6,'2020-04-28 14:13:06'),(41,23,'2020-04-28 14:13:06'),(41,17,'2020-04-28 14:13:06'),(32,26,'2020-04-28 14:13:06'),(32,18,'2020-04-28 14:13:06'),(9,16,'2020-04-28 14:13:07'),(38,2,'2020-04-28 14:13:07'),(43,3,'2020-04-28 14:13:07'),(16,42,'2020-04-28 14:13:07'),(22,33,'2020-04-28 14:13:07'),(18,21,'2020-04-28 14:13:07'),(5,28,'2020-04-28 14:13:07'),(17,25,'2020-04-28 14:13:07'),(7,39,'2020-04-28 14:13:07'),(18,2,'2020-04-28 14:13:07'),(18,25,'2020-04-28 14:13:07'),(36,14,'2020-04-28 14:13:07'),(12,42,'2020-04-28 14:13:08'),(23,17,'2020-04-28 14:13:08'),(27,10,'2020-04-28 14:13:08'),(38,1,'2020-04-28 14:13:08'),(4,22,'2020-04-28 14:13:08'),(11,10,'2020-04-28 14:13:08'),(18,8,'2020-04-28 14:13:08'),(2,25,'2020-04-28 14:13:08'),(26,11,'2020-04-28 14:13:08'),(35,42,'2020-04-28 14:13:08'),(31,32,'2020-04-28 14:13:08'),(42,4,'2020-04-28 14:13:08'),(30,15,'2020-04-28 14:13:08'),(36,8,'2020-04-28 14:13:08'),(27,31,'2020-04-28 14:13:08'),(41,28,'2020-04-28 14:13:08'),(40,35,'2020-04-28 14:13:08'),(13,33,'2020-04-28 14:13:08'),(33,22,'2020-04-28 14:13:08'),(6,21,'2020-04-28 14:13:08'),(40,11,'2020-04-28 14:13:08'),(41,13,'2020-04-28 14:13:09'),(18,20,'2020-04-28 14:13:09'),(15,25,'2020-04-28 14:13:09'),(27,1,'2020-04-28 14:13:09'),(30,25,'2020-04-28 14:13:09'),(12,5,'2020-04-28 14:13:09'),(10,15,'2020-04-28 14:13:09'),(11,15,'2020-04-28 14:13:09'),(11,35,'2020-04-28 14:13:09'),(21,18,'2020-04-28 14:13:09'),(9,10,'2020-04-28 14:13:09'),(29,1,'2020-04-28 14:13:09'),(19,26,'2020-04-28 14:13:09'),(31,2,'2020-04-28 14:13:09'),(26,21,'2020-04-28 14:13:09'),(26,28,'2020-04-28 14:13:09'),(25,39,'2020-04-28 14:13:09'),(16,22,'2020-04-28 14:13:09'),(37,3,'2020-04-28 14:13:09'),(32,15,'2020-04-28 14:13:09'),(6,30,'2020-04-28 14:13:09'),(5,22,'2020-04-28 14:13:09'),(18,7,'2020-04-28 14:13:09'),(32,18,'2020-04-28 14:13:09'),(42,30,'2020-04-28 14:13:09'),(18,9,'2020-04-28 14:13:09'),(36,23,'2020-04-28 14:13:09'),(32,28,'2020-04-28 14:13:09'),(9,7,'2020-04-28 14:13:09'),(5,38,'2020-04-28 14:13:09'),(5,36,'2020-04-28 14:13:09'),(13,43,'2020-04-28 14:13:10'),(39,7,'2020-04-28 14:13:10'),(23,27,'2020-04-28 14:13:10'),(25,40,'2020-04-28 14:13:10'),(29,34,'2020-04-28 14:13:10'),(5,38,'2020-04-28 14:13:10'),(42,33,'2020-04-28 14:13:10'),(15,2,'2020-04-28 14:13:10'),(29,28,'2020-04-28 14:13:10'),(9,42,'2020-04-28 14:13:10'),(1,34,'2020-04-28 14:13:10'),(25,15,'2020-04-28 14:13:10'),(14,5,'2020-04-28 14:13:10'),(17,39,'2020-04-28 14:13:10'),(11,16,'2020-04-28 14:13:10'),(22,43,'2020-04-28 14:13:10'),(11,32,'2020-04-28 14:13:10'),(10,16,'2020-04-28 14:13:10'),(29,12,'2020-04-28 14:13:10'),(11,40,'2020-04-28 14:13:10'),(30,38,'2020-04-28 14:13:10'),(37,3,'2020-04-28 14:13:11'),(34,6,'2020-04-28 14:13:11'),(13,2,'2020-04-28 14:13:11'),(26,32,'2020-04-28 14:13:11'),(29,4,'2020-04-28 14:13:11'),(41,21,'2020-04-28 14:13:11'),(34,43,'2020-04-28 14:13:11'),(25,10,'2020-04-28 14:13:11'),(1,24,'2020-04-28 14:13:11'),(27,1,'2020-04-28 14:13:11'),(10,39,'2020-04-28 14:13:11'),(40,41,'2020-04-28 14:13:11'),(28,5,'2020-04-28 14:13:11'),(37,1,'2020-04-28 14:13:12'),(8,5,'2020-04-28 14:13:12'),(41,6,'2020-04-28 14:13:12'),(32,19,'2020-04-28 14:13:12'),(18,7,'2020-04-28 14:13:12'),(34,24,'2020-04-28 14:13:12'),(37,20,'2020-04-28 14:13:12'),(15,28,'2020-04-28 14:13:12'),(9,18,'2020-04-28 14:13:12'),(27,7,'2020-04-28 14:13:12'),(32,16,'2020-04-28 14:13:12'),(31,2,'2020-04-28 14:13:12'),(6,3,'2020-04-28 14:13:12'),(22,9,'2020-04-28 14:13:12'),(14,15,'2020-04-28 14:13:12'),(2,31,'2020-04-28 14:13:12'),(10,3,'2020-04-28 14:13:13'),(20,25,'2020-04-28 14:13:13'),(28,18,'2020-04-28 14:13:13'),(40,16,'2020-04-28 14:13:13'),(26,12,'2020-04-28 14:13:13'),(36,38,'2020-04-28 14:13:13'),(4,9,'2020-04-28 14:13:13'),(7,16,'2020-04-28 14:13:13'),(16,2,'2020-04-28 14:13:13'),(1,21,'2020-04-28 14:13:13'),(41,6,'2020-04-28 14:13:13'),(21,7,'2020-04-28 14:13:13'),(15,9,'2020-04-28 14:13:13'),(19,29,'2020-04-28 14:13:13'),(25,16,'2020-04-28 14:13:13'),(33,35,'2020-04-28 14:13:14'),(13,25,'2020-04-28 14:13:14'),(2,31,'2020-04-28 14:13:14'),(37,14,'2020-04-28 14:13:14'),(13,6,'2020-04-28 14:13:14'),(11,22,'2020-04-28 14:13:14'),(35,20,'2020-04-28 14:13:14'),(40,12,'2020-04-28 14:13:14'),(38,40,'2020-04-28 14:13:14'),(30,34,'2020-04-28 14:13:14'),(38,16,'2020-04-28 14:13:14'),(2,27,'2020-04-28 14:13:14'),(2,34,'2020-04-28 14:13:14'),(12,24,'2020-04-28 14:13:14'),(40,5,'2020-04-28 14:13:14'),(40,32,'2020-04-28 14:13:15'),(10,15,'2020-04-28 14:13:15'),(24,29,'2020-04-28 14:13:15'),(7,1,'2020-04-28 14:13:15'),(34,36,'2020-04-28 14:13:15'),(4,43,'2020-04-28 14:13:15'),(9,42,'2020-04-28 14:13:15'),(9,11,'2020-04-28 14:13:15'),(24,9,'2020-04-28 14:13:15'),(6,31,'2020-04-28 14:13:15'),(13,7,'2020-04-28 14:13:15'),(34,31,'2020-04-28 14:13:15'),(34,30,'2020-04-28 14:13:15'),(28,15,'2020-04-28 14:13:15'),(3,37,'2020-04-28 14:13:15'),(5,18,'2020-04-28 14:13:15'),(2,42,'2020-04-28 14:13:15'),(8,20,'2020-04-28 14:13:15'),(21,14,'2020-04-28 14:13:16'),(38,32,'2020-04-28 14:13:16'),(30,2,'2020-04-28 14:13:16'),(17,30,'2020-04-28 14:13:16'),(24,15,'2020-04-28 14:13:16'),(25,5,'2020-04-28 14:13:16'),(28,1,'2020-04-28 14:13:16'),(23,16,'2020-04-28 14:13:16'),(9,41,'2020-04-28 14:13:16'),(37,22,'2020-04-28 14:13:16'),(43,28,'2020-04-28 14:13:16'),(17,4,'2020-04-28 14:13:16'),(26,6,'2020-04-28 14:13:16'),(10,41,'2020-04-28 14:13:16'),(14,7,'2020-04-28 14:13:16'),(8,31,'2020-04-28 14:13:16'),(16,22,'2020-04-28 14:13:16'),(22,40,'2020-04-28 14:13:16'),(42,1,'2020-04-28 14:13:16'),(36,21,'2020-04-28 14:13:16'),(1,7,'2020-04-28 14:13:16'),(34,20,'2020-04-28 14:13:16'),(27,36,'2020-04-28 14:13:16'),(37,2,'2020-04-28 14:13:16'),(6,12,'2020-04-28 14:13:17'),(33,23,'2020-04-28 14:13:17'),(25,3,'2020-04-28 14:13:17'),(14,40,'2020-04-28 14:13:17'),(29,10,'2020-04-28 14:13:17'),(19,32,'2020-04-28 14:13:17'),(35,16,'2020-04-28 14:13:17'),(31,10,'2020-04-28 14:13:17'),(34,35,'2020-04-28 14:13:17'),(15,20,'2020-04-28 14:13:18'),(15,24,'2020-04-28 14:13:18'),(39,19,'2020-04-28 14:13:18'),(1,41,'2020-04-28 14:13:18'),(21,23,'2020-04-28 14:13:18'),(35,37,'2020-04-28 14:13:18'),(30,4,'2020-04-28 14:13:18'),(11,5,'2020-04-28 14:13:18'),(8,36,'2020-04-28 14:13:18'),(8,43,'2020-04-28 14:13:18'),(3,11,'2020-04-28 14:13:18'),(41,24,'2020-04-28 14:13:18'),(33,20,'2020-04-28 14:13:18'),(42,5,'2020-04-28 14:13:18'),(38,15,'2020-04-28 14:13:18'),(13,26,'2020-04-28 14:13:18'),(42,41,'2020-04-28 14:13:18'),(30,37,'2020-04-28 14:13:18'),(43,9,'2020-04-28 14:13:18'),(41,15,'2020-04-28 14:13:19'),(6,42,'2020-04-28 14:13:19'),(13,21,'2020-04-28 14:13:19'),(37,30,'2020-04-28 14:13:19'),(14,23,'2020-04-28 14:13:19'),(7,36,'2020-04-28 14:13:19'),(14,23,'2020-04-28 14:13:19'),(9,39,'2020-04-28 14:13:19'),(21,25,'2020-04-28 14:13:19'),(40,37,'2020-04-28 14:13:19'),(5,23,'2020-04-28 14:13:19'),(13,41,'2020-04-28 14:13:19'),(17,28,'2020-04-28 14:13:19'),(10,28,'2020-04-28 14:13:19'),(19,23,'2020-04-28 14:13:19'),(42,22,'2020-04-28 14:13:19'),(9,6,'2020-04-28 14:13:19'),(40,21,'2020-04-28 14:13:19'),(13,15,'2020-04-28 14:13:19'),(12,42,'2020-04-28 14:13:19'),(3,23,'2020-04-28 14:13:19'),(35,21,'2020-04-28 14:13:20'),(23,7,'2020-04-28 14:13:20'),(24,20,'2020-04-28 14:13:20'),(19,4,'2020-04-28 14:13:20'),(43,34,'2020-04-28 14:13:20'),(6,15,'2020-04-28 14:13:20'),(20,17,'2020-04-28 14:13:20'),(28,11,'2020-04-28 14:13:20'),(8,7,'2020-04-28 14:13:20'),(33,37,'2020-04-28 14:13:20'),(42,21,'2020-04-28 14:13:20'),(38,13,'2020-04-28 14:13:20'),(29,25,'2020-04-28 14:13:20'),(29,14,'2020-04-28 14:13:20'),(14,39,'2020-04-28 14:13:20'),(43,37,'2020-04-28 14:13:20'),(9,26,'2020-04-28 14:13:20'),(17,25,'2020-04-28 14:13:20'),(29,39,'2020-04-28 14:13:20'),(7,18,'2020-04-28 14:13:20'),(43,38,'2020-04-28 14:13:20'),(25,20,'2020-04-28 14:13:20'),(1,3,'2020-04-28 14:13:20'),(38,3,'2020-04-28 14:13:21'),(40,21,'2020-04-28 14:13:21'),(27,15,'2020-04-28 14:13:21'),(27,36,'2020-04-28 14:13:21'),(40,2,'2020-04-28 14:13:21'),(28,21,'2020-04-28 14:13:21'),(26,12,'2020-04-28 14:13:21'),(32,1,'2020-04-28 14:13:21'),(31,18,'2020-04-28 14:13:21'),(2,32,'2020-04-28 14:13:21'),(12,6,'2020-04-28 14:13:21'),(37,23,'2020-04-28 14:13:21'),(11,7,'2020-04-28 14:13:21'),(2,17,'2020-04-28 14:13:21'),(7,6,'2020-04-28 14:13:21'),(39,28,'2020-04-28 14:13:21'),(16,3,'2020-04-28 14:13:21'),(1,40,'2020-04-28 14:13:21'),(4,6,'2020-04-28 14:13:21'),(39,21,'2020-04-28 14:13:21'),(27,9,'2020-04-28 14:13:21'),(4,19,'2020-04-28 14:13:21'),(31,42,'2020-04-28 14:13:21'),(11,25,'2020-04-28 14:13:21'),(10,32,'2020-04-28 14:13:21'),(17,3,'2020-04-28 14:13:22'),(39,10,'2020-04-28 14:13:22'),(4,17,'2020-04-28 14:13:22'),(30,39,'2020-04-28 14:13:22'),(25,22,'2020-04-28 14:13:22'),(40,38,'2020-04-28 14:13:22'),(13,32,'2020-04-28 14:13:22'),(15,37,'2020-04-28 14:13:22'),(11,22,'2020-04-28 14:13:22'),(14,17,'2020-04-28 14:13:22'),(34,25,'2020-04-28 14:13:22'),(30,25,'2020-04-28 14:13:23'),(34,26,'2020-04-28 14:13:23'),(13,30,'2020-04-28 14:13:23'),(35,8,'2020-04-28 14:13:23'),(15,4,'2020-04-28 14:13:23'),(16,41,'2020-04-28 14:13:24'),(26,27,'2020-04-28 14:13:24'),(24,12,'2020-04-28 14:13:24'),(18,15,'2020-04-28 14:13:24'),(38,36,'2020-04-28 14:13:24'),(26,33,'2020-04-28 14:13:24'),(11,31,'2020-04-28 14:13:24'),(30,11,'2020-04-28 14:13:24'),(41,38,'2020-04-28 14:13:24'),(3,6,'2020-04-28 14:13:24'),(11,17,'2020-04-28 14:13:25'),(25,21,'2020-04-28 14:13:25'),(7,31,'2020-04-28 14:13:25'),(28,23,'2020-04-28 14:13:25'),(23,11,'2020-04-28 14:13:25'),(32,1,'2020-04-28 14:13:25'),(32,34,'2020-04-28 14:13:25'),(29,40,'2020-04-28 14:13:25'),(20,12,'2020-04-28 14:13:25'),(37,39,'2020-04-28 14:13:25'),(6,8,'2020-04-28 14:13:25'),(11,9,'2020-04-28 14:13:25'),(38,30,'2020-04-28 14:13:25'),(3,42,'2020-04-28 14:13:25'),(20,8,'2020-04-28 14:13:26'),(21,28,'2020-04-28 14:13:26'),(28,24,'2020-04-28 14:13:26'),(4,24,'2020-04-28 14:13:26'),(29,30,'2020-04-28 14:13:26'),(1,14,'2020-04-28 14:13:26'),(1,19,'2020-04-28 14:13:26'),(30,16,'2020-04-28 14:13:26'),(8,12,'2020-04-28 14:13:26'),(41,24,'2020-04-28 14:13:26'),(17,24,'2020-04-28 14:13:26'),(29,13,'2020-04-28 14:13:26'),(34,3,'2020-04-28 14:13:26'),(25,30,'2020-04-28 14:13:26'),(3,36,'2020-04-28 14:13:26'),(30,16,'2020-04-28 14:13:26'),(1,21,'2020-04-28 14:13:26'),(2,42,'2020-04-28 14:13:27'),(30,15,'2020-04-28 14:13:27'),(7,38,'2020-04-28 14:13:27'),(36,26,'2020-04-28 14:13:27'),(14,19,'2020-04-28 14:13:27'),(39,28,'2020-04-28 14:13:27'),(13,4,'2020-04-28 14:13:27'),(38,29,'2020-04-28 14:13:27'),(19,26,'2020-04-28 14:13:27'),(3,32,'2020-04-28 14:13:27'),(32,30,'2020-04-28 14:13:27'),(25,34,'2020-04-28 14:13:28'),(36,14,'2020-04-28 14:13:28'),(13,10,'2020-04-28 14:13:28'),(38,20,'2020-04-28 14:13:28'),(27,30,'2020-04-28 14:13:28'),(30,24,'2020-04-28 14:13:28'),(37,19,'2020-04-28 14:13:28'),(41,8,'2020-04-28 14:13:28'),(3,25,'2020-04-28 14:13:28'),(12,23,'2020-04-28 14:13:28'),(23,33,'2020-04-28 14:13:28'),(35,18,'2020-04-28 14:13:29'),(42,35,'2020-04-28 14:13:29'),(42,26,'2020-04-28 14:13:29'),(7,2,'2020-04-28 14:13:29'),(39,27,'2020-04-28 14:13:29'),(32,18,'2020-04-28 14:13:29'),(11,38,'2020-04-28 14:13:29'),(42,20,'2020-04-28 14:13:29'),(39,4,'2020-04-28 14:13:29'),(17,34,'2020-04-28 14:13:29'),(26,16,'2020-04-28 14:13:29'),(33,8,'2020-04-28 14:13:29'),(28,7,'2020-04-28 14:13:29'),(40,32,'2020-04-28 14:13:29'),(26,27,'2020-04-28 14:13:29'),(38,30,'2020-04-28 14:13:29'),(35,8,'2020-04-28 14:13:29'),(33,37,'2020-04-28 14:13:29'),(16,40,'2020-04-28 14:13:29'),(28,4,'2020-04-28 14:13:29'),(43,4,'2020-04-28 14:13:29'),(17,7,'2020-04-28 14:13:30'),(37,8,'2020-04-28 14:13:30'),(39,26,'2020-04-28 14:13:30'),(34,21,'2020-04-28 14:13:30'),(38,24,'2020-04-28 14:13:30'),(39,28,'2020-04-28 14:13:30'),(36,8,'2020-04-28 14:13:30'),(43,15,'2020-04-28 14:13:30'),(6,26,'2020-04-28 14:13:30'),(6,14,'2020-04-28 14:13:30'),(38,7,'2020-04-28 14:13:30'),(23,39,'2020-04-28 14:13:30'),(33,4,'2020-04-28 14:13:30'),(11,27,'2020-04-28 14:13:30'),(8,18,'2020-04-28 14:13:30'),(26,29,'2020-04-28 14:13:30'),(19,18,'2020-04-28 14:13:30'),(25,36,'2020-04-28 14:13:30'),(28,1,'2020-04-28 14:13:30'),(32,41,'2020-04-28 14:13:31'),(24,12,'2020-04-28 14:13:31'),(14,4,'2020-04-28 14:13:31'),(17,1,'2020-04-28 14:13:31'),(19,18,'2020-04-28 14:13:31'),(4,12,'2020-04-28 14:13:31'),(36,23,'2020-04-28 14:13:31'),(30,5,'2020-04-28 14:13:31'),(4,15,'2020-04-28 14:13:31'),(18,26,'2020-04-28 14:13:31'),(2,35,'2020-04-28 14:13:31'),(1,11,'2020-04-28 14:13:31'),(35,11,'2020-04-28 14:13:31'),(31,1,'2020-04-28 14:13:31'),(43,31,'2020-04-28 14:13:31'),(32,11,'2020-04-28 14:13:31'),(4,27,'2020-04-28 14:13:31'),(29,35,'2020-04-28 14:13:31'),(37,32,'2020-04-28 14:13:31'),(25,3,'2020-04-28 14:13:31'),(20,26,'2020-04-28 14:13:31'),(9,19,'2020-04-28 14:13:31'),(12,26,'2020-04-28 14:13:31'),(30,33,'2020-04-28 14:13:31'),(2,23,'2020-04-28 14:13:31'),(4,17,'2020-04-28 14:13:32'),(23,32,'2020-04-28 14:13:32'),(25,40,'2020-04-28 14:13:32'),(32,34,'2020-04-28 14:13:32'),(17,29,'2020-04-28 14:13:32'),(21,40,'2020-04-28 14:13:32'),(8,10,'2020-04-28 14:13:32'),(36,14,'2020-04-28 14:13:32'),(31,10,'2020-04-28 14:13:32'),(4,15,'2020-04-28 14:13:32'),(30,37,'2020-04-28 14:13:32'),(19,30,'2020-04-28 14:13:32'),(36,40,'2020-04-28 14:13:32'),(11,36,'2020-04-28 14:13:32'),(7,15,'2020-04-28 14:13:32'),(37,7,'2020-04-28 14:13:32'),(9,42,'2020-04-28 14:13:33'),(38,27,'2020-04-28 14:13:33'),(30,20,'2020-04-28 14:13:33'),(40,13,'2020-04-28 14:13:33'),(17,9,'2020-04-28 14:13:33'),(20,3,'2020-04-28 14:13:33'),(8,6,'2020-04-28 14:13:33'),(13,8,'2020-04-28 14:13:33'),(11,3,'2020-04-28 14:13:33'),(1,25,'2020-04-28 14:13:33'),(8,22,'2020-04-28 14:13:33'),(1,36,'2020-04-28 14:13:33'),(17,40,'2020-04-28 14:13:33'),(34,38,'2020-04-28 14:13:33'),(21,29,'2020-04-28 14:13:33'),(32,1,'2020-04-28 14:13:33'),(31,41,'2020-04-28 14:13:33'),(40,14,'2020-04-28 14:13:33'),(3,19,'2020-04-28 14:13:33'),(34,12,'2020-04-28 14:13:34'),(11,32,'2020-04-28 14:13:34'),(33,7,'2020-04-28 14:13:34'),(9,39,'2020-04-28 14:13:34'),(33,17,'2020-04-28 14:13:34'),(5,11,'2020-04-28 14:13:34'),(35,14,'2020-04-28 14:13:34'),(27,17,'2020-04-28 14:13:34'),(26,25,'2020-04-28 14:13:34'),(39,20,'2020-04-28 14:13:34'),(34,15,'2020-04-28 14:13:34'),(21,6,'2020-04-28 14:13:34'),(5,23,'2020-04-28 14:13:34'),(5,37,'2020-04-28 14:13:34'),(33,6,'2020-04-28 14:13:34'),(17,15,'2020-04-28 14:13:34'),(29,26,'2020-04-28 14:13:34'),(37,34,'2020-04-28 14:13:34'),(6,10,'2020-04-28 14:13:34'),(5,41,'2020-04-28 14:13:34'),(32,21,'2020-04-28 14:13:34'),(29,18,'2020-04-28 14:13:34'),(13,42,'2020-04-28 14:13:34'),(27,2,'2020-04-28 14:13:34'),(13,5,'2020-04-28 14:13:35'),(8,16,'2020-04-28 14:13:35'),(42,19,'2020-04-28 14:13:35'),(6,32,'2020-04-28 14:13:35'),(27,11,'2020-04-28 14:13:35'),(5,36,'2020-04-28 14:13:35'),(42,32,'2020-04-28 14:13:35'),(21,25,'2020-04-28 14:13:35'),(18,33,'2020-04-28 14:13:35'),(11,15,'2020-04-28 14:13:35'),(34,35,'2020-04-28 14:13:35'),(12,30,'2020-04-28 14:13:35'),(27,21,'2020-04-28 14:13:35'),(38,8,'2020-04-28 14:13:35'),(38,7,'2020-04-28 14:13:35'),(20,43,'2020-04-28 14:13:35'),(28,9,'2020-04-28 14:13:35'),(38,33,'2020-04-28 14:13:35'),(8,20,'2020-04-28 14:13:35'),(27,17,'2020-04-28 14:13:35'),(17,1,'2020-04-28 14:13:35'),(37,11,'2020-04-28 14:13:35'),(12,8,'2020-04-28 14:13:36'),(27,38,'2020-04-28 14:13:36'),(30,3,'2020-04-28 14:13:36'),(19,15,'2020-04-28 14:13:36'),(12,38,'2020-04-28 14:13:36'),(34,28,'2020-04-28 14:13:36'),(6,19,'2020-04-28 14:13:36'),(11,14,'2020-04-28 14:13:36'),(37,3,'2020-04-28 14:13:36'),(33,17,'2020-04-28 14:13:36'),(33,23,'2020-04-28 14:13:36'),(20,24,'2020-04-28 14:13:36'),(11,25,'2020-04-28 14:13:36'),(39,22,'2020-04-28 14:13:36'),(31,23,'2020-04-28 14:13:36'),(12,36,'2020-04-28 14:13:36'),(23,28,'2020-04-28 14:13:36'),(9,23,'2020-04-28 14:13:36'),(42,38,'2020-04-28 14:13:36'),(8,11,'2020-04-28 14:13:36'),(30,40,'2020-04-28 14:13:36'),(2,36,'2020-04-28 14:13:36'),(43,30,'2020-04-28 14:13:36'),(2,9,'2020-04-28 14:13:36'),(5,22,'2020-04-28 14:13:36'),(24,31,'2020-04-28 14:13:37'),(6,31,'2020-04-28 14:13:37'),(39,16,'2020-04-28 14:13:37'),(7,25,'2020-04-28 14:13:37'),(27,21,'2020-04-28 14:13:37'),(31,19,'2020-04-28 14:13:37'),(30,31,'2020-04-28 14:13:37'),(40,9,'2020-04-28 14:13:37'),(11,22,'2020-04-28 14:13:37'),(17,16,'2020-04-28 14:13:37'),(31,40,'2020-04-28 14:13:37'),(20,13,'2020-04-28 14:13:37'),(38,15,'2020-04-28 14:13:37'),(18,24,'2020-04-28 14:13:37'),(37,36,'2020-04-28 14:13:37'),(7,28,'2020-04-28 14:13:37'),(3,17,'2020-04-28 14:13:37'),(2,32,'2020-04-28 14:13:37'),(15,2,'2020-04-28 14:13:37'),(17,43,'2020-04-28 14:13:37'),(5,15,'2020-04-28 14:13:37'),(40,17,'2020-04-28 14:13:37'),(9,32,'2020-04-28 14:13:38'),(16,23,'2020-04-28 14:13:38'),(8,19,'2020-04-28 14:13:38'),(35,1,'2020-04-28 14:13:38'),(13,32,'2020-04-28 14:13:38'),(14,25,'2020-04-28 14:13:38'),(38,10,'2020-04-28 14:13:38'),(12,2,'2020-04-28 14:13:38'),(37,8,'2020-04-28 14:13:38'),(24,25,'2020-04-28 14:13:38'),(35,38,'2020-04-28 14:13:38'),(22,5,'2020-04-28 14:13:38'),(17,33,'2020-04-28 14:13:38'),(29,19,'2020-04-28 14:13:38'),(5,3,'2020-04-28 14:13:38'),(10,20,'2020-04-28 14:13:38'),(2,14,'2020-04-28 14:13:38'),(14,20,'2020-04-28 14:13:38'),(12,14,'2020-04-28 14:13:38'),(30,11,'2020-04-28 14:13:38'),(9,22,'2020-04-28 14:13:38'),(35,36,'2020-04-28 14:13:38'),(5,40,'2020-04-28 14:13:38'),(14,7,'2020-04-28 14:13:39'),(31,12,'2020-04-28 14:13:39'),(38,7,'2020-04-28 14:13:39'),(13,16,'2020-04-28 14:13:39'),(10,43,'2020-04-28 14:13:39'),(41,23,'2020-04-28 14:13:39'),(35,43,'2020-04-28 14:13:39'),(23,5,'2020-04-28 14:13:39'),(2,35,'2020-04-28 14:13:39'),(30,28,'2020-04-28 14:13:39'),(7,33,'2020-04-28 14:13:39'),(34,43,'2020-04-28 14:13:39'),(4,21,'2020-04-28 14:13:39'),(17,8,'2020-04-28 14:13:39'),(25,21,'2020-04-28 14:13:39'),(13,10,'2020-04-28 14:13:40'),(22,11,'2020-04-28 14:13:40'),(15,32,'2020-04-28 14:13:40'),(16,18,'2020-04-28 14:13:40'),(42,11,'2020-04-28 14:13:40'),(22,10,'2020-04-28 14:13:40'),(23,31,'2020-04-28 14:13:40'),(19,17,'2020-04-28 14:13:40'),(24,9,'2020-04-28 14:13:40'),(11,20,'2020-04-28 14:13:40'),(23,36,'2020-04-28 14:13:40'),(43,39,'2020-04-28 14:13:40'),(20,28,'2020-04-28 14:13:40'),(11,39,'2020-04-28 14:13:40'),(20,33,'2020-04-28 14:13:40'),(34,9,'2020-04-28 14:13:40'),(4,18,'2020-04-28 14:13:40'),(9,7,'2020-04-28 14:13:40'),(11,12,'2020-04-28 14:13:40'),(11,35,'2020-04-28 14:13:40'),(6,38,'2020-04-28 14:13:40'),(4,40,'2020-04-28 14:13:40'),(36,27,'2020-04-28 14:13:40'),(16,24,'2020-04-28 14:13:40'),(28,29,'2020-04-28 14:13:41'),(4,2,'2020-04-28 14:13:41'),(28,1,'2020-04-28 14:13:41'),(15,38,'2020-04-28 14:13:41'),(28,34,'2020-04-28 14:13:41'),(5,21,'2020-04-28 14:13:41'),(24,25,'2020-04-28 14:13:41'),(41,13,'2020-04-28 14:13:41'),(23,1,'2020-04-28 14:13:41'),(37,38,'2020-04-28 14:13:41'),(19,21,'2020-04-28 14:13:41'),(15,43,'2020-04-28 14:13:41'),(24,27,'2020-04-28 14:13:41'),(14,15,'2020-04-28 14:13:41'),(5,17,'2020-04-28 14:13:41'),(40,1,'2020-04-28 14:13:41'),(27,17,'2020-04-28 14:13:41'),(42,38,'2020-04-28 14:13:41'),(28,24,'2020-04-28 14:13:41'),(22,19,'2020-04-28 14:13:41'),(16,37,'2020-04-28 14:13:41'),(10,3,'2020-04-28 14:13:41'),(37,3,'2020-04-28 14:13:41'),(17,34,'2020-04-28 14:13:41'),(18,33,'2020-04-28 14:13:41'),(1,18,'2020-04-28 14:13:41'),(42,28,'2020-04-28 14:13:42'),(23,6,'2020-04-28 14:13:42'),(13,29,'2020-04-28 14:13:42'),(38,16,'2020-04-28 14:13:42'),(33,38,'2020-04-28 14:13:42'),(34,39,'2020-04-28 14:13:42'),(38,1,'2020-04-28 14:13:42'),(28,26,'2020-04-28 14:13:42'),(14,10,'2020-04-28 14:13:42'),(3,18,'2020-04-28 14:13:42'),(42,9,'2020-04-28 14:13:42'),(19,32,'2020-04-28 14:13:43'),(24,17,'2020-04-28 14:13:43'),(24,7,'2020-04-28 14:13:43'),(7,37,'2020-04-28 14:13:43'),(38,17,'2020-04-28 14:13:43'),(30,4,'2020-04-28 14:13:44'),(38,10,'2020-04-28 14:13:44'),(40,18,'2020-04-28 14:13:44'),(27,6,'2020-04-28 14:13:44'),(10,13,'2020-04-28 14:13:44'),(43,35,'2020-04-28 14:13:44'),(35,23,'2020-04-28 14:13:44'),(36,38,'2020-04-28 14:13:44'),(27,37,'2020-04-28 14:13:44'),(40,42,'2020-04-28 14:13:44'),(3,32,'2020-04-28 14:13:44'),(22,34,'2020-04-28 14:13:44'),(11,5,'2020-04-28 14:13:44'),(34,17,'2020-04-28 14:13:44'),(34,28,'2020-04-28 14:13:44'),(29,41,'2020-04-28 14:13:44'),(8,25,'2020-04-28 14:13:44'),(38,41,'2020-04-28 14:13:44'),(19,26,'2020-04-28 14:13:44'),(42,39,'2020-04-28 14:13:44'),(38,12,'2020-04-28 14:13:44'),(9,24,'2020-04-28 14:13:44'),(27,29,'2020-04-28 14:13:45'),(25,9,'2020-04-28 14:13:45'),(28,6,'2020-04-28 14:13:45'),(7,35,'2020-04-28 14:13:45'),(5,18,'2020-04-28 14:13:45'),(36,23,'2020-04-28 14:13:45'),(35,39,'2020-04-28 14:13:45'),(15,11,'2020-04-28 14:13:45'),(12,5,'2020-04-28 14:13:45'),(29,20,'2020-04-28 14:13:45'),(34,42,'2020-04-28 14:13:45'),(11,21,'2020-04-28 14:13:45'),(35,10,'2020-04-28 14:13:45'),(4,22,'2020-04-28 14:13:45'),(36,33,'2020-04-28 14:13:45'),(36,43,'2020-04-28 14:13:45'),(23,1,'2020-04-28 14:13:45'),(14,11,'2020-04-28 14:13:45'),(28,38,'2020-04-28 14:13:45'),(22,43,'2020-04-28 14:13:45'),(39,24,'2020-04-28 14:13:46'),(41,43,'2020-04-28 14:13:46'),(2,24,'2020-04-28 14:13:46'),(13,35,'2020-04-28 14:13:46'),(27,15,'2020-04-28 14:13:46'),(41,6,'2020-04-28 14:13:46'),(29,32,'2020-04-28 14:13:46'),(10,31,'2020-04-28 14:13:46'),(6,10,'2020-04-28 14:13:46'),(7,9,'2020-04-28 14:13:46'),(17,41,'2020-04-28 14:13:46'),(27,9,'2020-04-28 14:13:46'),(40,36,'2020-04-28 14:13:46'),(32,33,'2020-04-28 14:13:46'),(17,9,'2020-04-28 14:13:46'),(7,32,'2020-04-28 14:13:46'),(36,26,'2020-04-28 14:13:46'),(42,16,'2020-04-28 14:13:47'),(35,2,'2020-04-28 14:13:47'),(27,24,'2020-04-28 14:13:47'),(12,29,'2020-04-28 14:13:47'),(25,9,'2020-04-28 14:13:47'),(31,1,'2020-04-28 14:13:47'),(1,33,'2020-04-28 14:13:47'),(3,29,'2020-04-28 14:13:47'),(30,12,'2020-04-28 14:13:47'),(24,21,'2020-04-28 14:13:48'),(28,22,'2020-04-28 14:13:48'),(13,17,'2020-04-28 14:13:48'),(16,3,'2020-04-28 14:13:48'),(27,30,'2020-04-28 14:13:48'),(15,26,'2020-04-28 14:13:48'),(35,4,'2020-04-28 14:13:48'),(43,42,'2020-04-28 14:13:48'),(24,39,'2020-04-28 14:13:48'),(42,26,'2020-04-28 14:13:48'),(16,22,'2020-04-28 14:13:49'),(23,42,'2020-04-28 14:13:49'),(24,8,'2020-04-28 14:13:49'),(42,14,'2020-04-28 14:13:49'),(30,24,'2020-04-28 14:13:49'),(6,2,'2020-04-28 14:13:49'),(12,42,'2020-04-28 14:13:49'),(38,16,'2020-04-28 14:13:49'),(27,37,'2020-04-28 14:13:49'),(37,27,'2020-04-28 14:13:49'),(21,8,'2020-04-28 14:13:50'),(35,42,'2020-04-28 14:13:50'),(5,43,'2020-04-28 14:13:50'),(37,33,'2020-04-28 14:13:50'),(17,36,'2020-04-28 14:13:50'),(30,16,'2020-04-28 14:13:50'),(1,17,'2020-04-28 14:13:50'),(6,11,'2020-04-28 14:13:50'),(11,42,'2020-04-28 14:13:50'),(40,28,'2020-04-28 14:13:50'),(28,20,'2020-04-28 14:13:50'),(37,23,'2020-04-28 14:13:50'),(29,33,'2020-04-28 14:13:50'),(40,34,'2020-04-28 14:13:50'),(16,3,'2020-04-28 14:13:50'),(18,41,'2020-04-28 14:13:50'),(20,16,'2020-04-28 14:13:50'),(28,8,'2020-04-28 14:13:50'),(40,24,'2020-04-28 14:13:50'),(33,8,'2020-04-28 14:13:51'),(8,14,'2020-04-28 14:13:51'),(10,23,'2020-04-28 14:13:51'),(8,20,'2020-04-28 14:13:51'),(13,38,'2020-04-28 14:13:51'),(7,32,'2020-04-28 14:13:51'),(24,21,'2020-04-28 14:13:51'),(28,7,'2020-04-28 14:13:51'),(3,2,'2020-04-28 14:13:51'),(5,10,'2020-04-28 14:13:51'),(9,11,'2020-04-28 14:13:51'),(1,43,'2020-04-28 14:13:51'),(21,11,'2020-04-28 14:13:51'),(29,32,'2020-04-28 14:13:52'),(32,33,'2020-04-28 14:13:52'),(2,11,'2020-04-28 14:13:52');
/*!40000 ALTER TABLE `Follows` ENABLE KEYS */;
UNLOCK TABLES;

--
-- Table structure for table `Identity`
--

DROP TABLE IF EXISTS `Identity`;
/*!40101 SET @saved_cs_client     = @@character_set_client */;
/*!40101 SET character_set_client = utf8 */;
CREATE TABLE `Identity` (
  `idnum` bigint(20) NOT NULL AUTO_INCREMENT,
  `handle` varchar(100) DEFAULT NULL,
  `pass` varchar(100) NOT NULL,
  `fullname` varchar(100) NOT NULL,
  `location` varchar(100) DEFAULT NULL,
  `email` varchar(100) NOT NULL,
  `bdate` date NOT NULL,
  `joined` timestamp NOT NULL DEFAULT CURRENT_TIMESTAMP ON UPDATE CURRENT_TIMESTAMP,
  PRIMARY KEY (`idnum`),
  UNIQUE KEY `handle` (`handle`)
) ENGINE=InnoDB AUTO_INCREMENT=44 DEFAULT CHARSET=utf8mb4 COMMENT='The Identity Table';
/*!40101 SET character_set_client = @saved_cs_client */;

--
-- Dumping data for table `Identity`
--

LOCK TABLES `Identity` WRITE;
/*!40000 ALTER TABLE `Identity` DISABLE KEYS */;
INSERT INTO `Identity` VALUES (1,'@snapoleon0','xZmN6L','Sigismund Napoleon','Taiping','snapoleon0@spotify.com','2001-03-16','2019-06-07 04:00:00'),(2,'@dtilio1','MOvUMD','Diego Tilio','Songhu','dtilio1@skyrock.com','2008-07-20','2019-11-26 05:00:00'),(3,'@dbeiderbeck2','7l2eBBAoPN','Duane Beiderbeck',NULL,'dbeiderbeck2@cocolog-nifty.com','1996-03-19','2019-12-18 05:00:00'),(4,'@bcomer3','NtX9LOP2y','Bryant Comer','Gafargaon','bcomer3@google.it','2000-10-16','2020-03-09 04:00:00'),(5,'@apurseglove4','3isQp3q','Aridatha Purseglove',NULL,'apurseglove4@oakley.com','2008-10-03','2019-06-18 04:00:00'),(6,'@cbursnall5','qAbhopXL3o','Cornie Bursnall',NULL,'cbursnall5@toplist.cz','2008-10-31','2020-02-17 05:00:00'),(7,'@smeriot6','Zi3TWHAtswMQ','Skipton Meriot','Guayabal de Síquima','smeriot6@apple.com','2008-07-26','2019-05-20 04:00:00'),(8,'@giddens7','ll79ERh','Guglielmo Iddens','Toulouse','giddens7@boston.com','1998-10-22','2019-05-03 04:00:00'),(9,'@bchieze8','nbjCQTDy','Bonny Chieze','Setun’','bchieze8@tripod.com','2005-07-17','2019-08-13 04:00:00'),(10,'@csievewright9','qaMoImJQoEbi','Cassie Sievewright','Kantemirovka','csievewright9@tripadvisor.com','2003-05-30','2019-10-24 04:00:00'),(11,'@cgoldinga','hCIkJDgfNjB','Cecilla Golding',NULL,'cgoldinga@shinystat.com','1991-03-25','2019-05-25 04:00:00'),(12,'@ameatesb','LsQZBq0P','Arvy Meates','Sułoszowa','ameatesb@nymag.com','1995-11-01','2020-01-18 05:00:00'),(13,'@sfritschmannc','R2dPFPZVzLr','Sherrie Fritschmann',NULL,'sfritschmannc@scribd.com','2009-05-03','2020-02-19 05:00:00'),(14,'@cmeadowcroftd','nTQWFSC8x','Cecil Meadowcroft',NULL,'cmeadowcroftd@php.net','1998-06-24','2019-05-31 04:00:00'),(15,'@gleslye','LzGTkaRo3J','Griffin Lesly',NULL,'gleslye@businesswire.com','2001-10-13','2019-11-04 05:00:00'),(16,'@cpengellyf','But2hMBtDjwW','Creigh Pengelly','Kebonkaret','cpengellyf@wired.com','1993-02-23','2019-06-15 04:00:00'),(17,'@kthieseg','q3jYpf3BBoCE','Katlin Thiese','Soio','kthieseg@ucla.edu','2007-12-08','2020-02-13 05:00:00'),(18,'@roquinh','Hi6feuBMj','Ruth O\'Quin','Newcastle','roquinh@google.ca','2009-02-26','2019-04-28 04:00:00'),(19,'@gbendlei','IKl9K42ZK','Giustino Bendle',NULL,'gbendlei@xing.com','1992-08-14','2019-11-19 05:00:00'),(20,'@jhainj','lo1XdzY','Jessie Hain','Shuanghe','jhainj@washingtonpost.com','1996-09-26','2019-09-08 04:00:00'),(21,'@tbannerk','ZOtsfbTHyA','Tallie Banner','Ten’gushevo','tbannerk@unicef.org','2004-10-07','2019-09-22 04:00:00'),(22,'@nmcnultyl','Fk3cjRHkaK5','Nefen McNulty','Swinford','nmcnultyl@umn.edu','1999-11-10','2019-08-24 04:00:00'),(23,'@csesonsm','ehGBYo','Cchaddie Sesons',NULL,'csesonsm@smh.com.au','2004-03-08','2020-03-02 05:00:00'),(24,'@mmennelln','VacPk0pRl','Matty Mennell','Quitilipi','mmennelln@reuters.com','2009-01-13','2019-07-28 04:00:00'),(25,'@nhouseno','lzxaIR','Nettle Housen','Alor Setar','nhouseno@thetimes.co.uk','1992-01-16','2019-09-24 04:00:00'),(26,'@cskellsp','KI23N3TZgV1l','Claretta Skells','Wangkung','cskellsp@youtu.be','2008-02-21','2019-07-24 04:00:00'),(27,'@ddissq','S8BAtRSv','Danika Diss','Mingjing','ddissq@yandex.ru','2004-01-02','2019-08-03 04:00:00'),(28,'@jduckelsr','RUJN2jbVcZFb','Jacquie Duckels','Tabwakea Village','jduckelsr@twitter.com','2002-11-08','2019-05-05 04:00:00'),(29,'@lklimmeks','BEv3iR','Leonidas Klimmek',NULL,'lklimmeks@slate.com','2004-06-16','2019-08-17 04:00:00'),(30,'@lsuffet','rduwdIbaXtN','Lin Suffe','Tobatí','lsuffet@amazon.de','2004-10-13','2019-07-14 04:00:00'),(31,'@hnoriegau','0LaKPxzBHn','Hedwig Noriega','Gambut','hnoriegau@timesonline.co.uk','2000-03-11','2020-01-05 05:00:00'),(32,'@hlappingv','sBj8sM83b','Hermann Lapping','Xigebi','hlappingv@house.gov','2007-10-02','2019-06-21 04:00:00'),(33,'@gtzarkovw','U2ZNyev2za','Gabriell Tzarkov','Sapat','gtzarkovw@mysql.com','2003-04-28','2020-04-07 04:00:00'),(34,'@adominettix','GymcLoeDTlsj','Ariella Dominetti','Dārayyā','adominettix@smugmug.com','1999-11-13','2019-09-20 04:00:00'),(35,'@nhoyesy','mmCBlPFOo4','Noemi Hoyes','Gradec','nhoyesy@fastcompany.com','1989-10-07','2019-08-25 04:00:00'),(36,'@osleightholmez','uiPublHAp','Orella Sleightholme','Xiaoduchuan','osleightholmez@boston.com','1998-05-03','2019-06-23 04:00:00'),(37,'@fmea10','gDdHLADi02','Fania Mea','Maying','fmea10@facebook.com','1998-11-01','2019-06-26 04:00:00'),(38,'@jpochon11','slHugOjZ','Janene Pochon','Nkongsamba','jpochon11@ehow.com','1999-05-19','2019-11-09 05:00:00'),(39,'@hfawdrey12','58Lrzjbv','Halsy Fawdrey','El Paso','hfawdrey12@tripod.com','1998-06-22','2019-08-03 04:00:00'),(40,'@acolliar13','RCtHsNy21','Alf Colliar','Mohelno','acolliar13@typepad.com','1993-02-25','2019-05-15 04:00:00'),(41,'@lhousin14','uMXEAF','Lindy Housin','Sørvágur','lhousin14@flickr.com','2006-09-12','2019-10-25 04:00:00'),(42,'@crimour15','OigIuInvVnyO','Celka Rimour','Guadalupe','crimour15@deliciousdays.com','1998-02-03','2019-12-09 05:00:00'),(43,'@jgosby16','6UDS1Git','Jaymie Gosby',NULL,'jgosby16@sphinn.com','2003-03-29','2020-04-04 04:00:00');
/*!40000 ALTER TABLE `Identity` ENABLE KEYS */;
UNLOCK TABLES;

--
-- Table structure for table `Reprint`
--

DROP TABLE IF EXISTS `Reprint`;
/*!40101 SET @saved_cs_client     = @@character_set_client */;
/*!40101 SET character_set_client = utf8 */;
CREATE TABLE `Reprint` (
  `rpnum` bigint(20) NOT NULL AUTO_INCREMENT,
  `idnum` bigint(20) DEFAULT NULL,
  `sidnum` bigint(20) DEFAULT NULL,
  `likeit` tinyint(1) DEFAULT NULL,
  `newstory` bigint(20) DEFAULT NULL,
  `tstamp` timestamp NOT NULL DEFAULT CURRENT_TIMESTAMP ON UPDATE CURRENT_TIMESTAMP,
  PRIMARY KEY (`rpnum`),
  KEY `fk_idnum` (`idnum`),
  KEY `fk_sidnum` (`sidnum`),
  KEY `fk_newstory` (`newstory`),
  CONSTRAINT `fk_idnum` FOREIGN KEY (`idnum`) REFERENCES `Identity` (`idnum`),
  CONSTRAINT `fk_newstory` FOREIGN KEY (`newstory`) REFERENCES `Story` (`sidnum`),
  CONSTRAINT `fk_sidnum` FOREIGN KEY (`sidnum`) REFERENCES `Story` (`sidnum`)
) ENGINE=InnoDB AUTO_INCREMENT=1001 DEFAULT CHARSET=utf8mb4 COMMENT='The Reprint Table';
/*!40101 SET character_set_client = @saved_cs_client */;

--
-- Dumping data for table `Reprint`
--

LOCK TABLES `Reprint` WRITE;
/*!40000 ALTER TABLE `Reprint` DISABLE KEYS */;
INSERT INTO `Reprint` VALUES (1,24,32,1,NULL,'2020-04-28 14:21:17'),(2,6,66,0,NULL,'2020-04-28 14:21:17'),(3,26,22,0,NULL,'2020-04-28 14:21:17'),(4,9,12,0,NULL,'2020-04-28 14:21:17'),(5,3,52,1,NULL,'2020-04-28 14:21:17'),(6,3,22,0,NULL,'2020-04-28 14:21:17'),(7,34,20,1,NULL,'2020-04-28 14:21:17'),(8,25,20,1,NULL,'2020-04-28 14:21:17'),(9,31,74,1,NULL,'2020-04-28 14:21:18'),(10,2,14,0,NULL,'2020-04-28 14:21:18'),(11,35,69,1,NULL,'2020-04-28 14:21:18'),(12,20,87,0,NULL,'2020-04-28 14:21:18'),(13,17,21,1,NULL,'2020-04-28 14:21:18'),(14,1,95,0,NULL,'2020-04-28 14:21:18'),(15,18,46,1,NULL,'2020-04-28 14:21:18'),(16,27,51,0,NULL,'2020-04-28 14:21:18'),(17,30,90,0,NULL,'2020-04-28 14:21:18'),(18,33,51,1,NULL,'2020-04-28 14:21:18'),(19,30,30,1,NULL,'2020-04-28 14:21:18'),(20,31,43,0,NULL,'2020-04-28 14:21:18'),(21,9,47,0,NULL,'2020-04-28 14:21:18'),(22,26,76,1,NULL,'2020-04-28 14:21:18'),(23,21,60,0,NULL,'2020-04-28 14:21:18'),(24,30,65,1,NULL,'2020-04-28 14:21:18'),(25,39,3,1,NULL,'2020-04-28 14:21:18'),(26,8,100,0,NULL,'2020-04-28 14:21:18'),(27,2,64,1,NULL,'2020-04-28 14:21:19'),(28,41,17,0,NULL,'2020-04-28 14:21:19'),(29,10,30,0,NULL,'2020-04-28 14:21:19'),(30,39,74,0,NULL,'2020-04-28 14:21:19'),(31,18,44,0,NULL,'2020-04-28 14:21:19'),(32,41,77,0,NULL,'2020-04-28 14:21:19'),(33,25,42,1,NULL,'2020-04-28 14:21:19'),(34,5,77,0,NULL,'2020-04-28 14:21:19'),(35,10,9,1,NULL,'2020-04-28 14:21:19'),(36,17,6,1,NULL,'2020-04-28 14:21:19'),(37,34,41,1,NULL,'2020-04-28 14:21:19'),(38,7,32,0,NULL,'2020-04-28 14:21:19'),(39,9,89,1,NULL,'2020-04-28 14:21:19'),(40,6,70,1,NULL,'2020-04-28 14:21:19'),(41,21,10,0,NULL,'2020-04-28 14:21:19'),(42,22,6,1,NULL,'2020-04-28 14:21:19'),(43,9,66,0,NULL,'2020-04-28 14:21:19'),(44,20,31,1,NULL,'2020-04-28 14:21:19'),(45,25,68,0,NULL,'2020-04-28 14:21:19'),(46,31,62,0,NULL,'2020-04-28 14:21:19'),(47,42,6,1,NULL,'2020-04-28 14:21:19'),(48,18,99,0,NULL,'2020-04-28 14:21:19'),(49,37,19,1,NULL,'2020-04-28 14:21:20'),(50,24,4,1,NULL,'2020-04-28 14:21:20'),(51,25,56,1,NULL,'2020-04-28 14:21:20'),(52,32,40,1,NULL,'2020-04-28 14:21:20'),(53,32,16,0,NULL,'2020-04-28 14:21:20'),(54,18,71,0,NULL,'2020-04-28 14:21:20'),(55,3,35,0,NULL,'2020-04-28 14:21:20'),(56,37,63,1,NULL,'2020-04-28 14:21:20'),(57,20,27,1,NULL,'2020-04-28 14:21:20'),(58,21,56,0,NULL,'2020-04-28 14:21:20'),(59,42,21,0,NULL,'2020-04-28 14:21:20'),(60,36,34,1,NULL,'2020-04-28 14:21:20'),(61,12,46,0,NULL,'2020-04-28 14:21:20'),(62,30,97,1,NULL,'2020-04-28 14:21:20'),(63,15,19,0,NULL,'2020-04-28 14:21:20'),(64,10,78,0,NULL,'2020-04-28 14:21:20'),(65,6,78,1,NULL,'2020-04-28 14:21:20'),(66,12,64,0,NULL,'2020-04-28 14:21:20'),(67,26,56,1,NULL,'2020-04-28 14:21:20'),(68,30,57,1,NULL,'2020-04-28 14:21:20'),(69,11,75,0,NULL,'2020-04-28 14:21:20'),(70,3,22,0,NULL,'2020-04-28 14:21:21'),(71,18,72,0,NULL,'2020-04-28 14:21:21'),(72,36,89,1,NULL,'2020-04-28 14:21:21'),(73,3,18,0,NULL,'2020-04-28 14:21:21'),(74,9,36,0,NULL,'2020-04-28 14:21:21'),(75,7,6,0,NULL,'2020-04-28 14:21:21'),(76,38,61,1,NULL,'2020-04-28 14:21:21'),(77,40,69,1,NULL,'2020-04-28 14:21:21'),(78,39,49,1,NULL,'2020-04-28 14:21:21'),(79,30,95,1,NULL,'2020-04-28 14:21:21'),(80,38,74,1,NULL,'2020-04-28 14:21:22'),(81,38,74,0,NULL,'2020-04-28 14:21:22'),(82,31,24,0,NULL,'2020-04-28 14:21:22'),(83,23,61,0,NULL,'2020-04-28 14:21:22'),(84,4,16,1,NULL,'2020-04-28 14:21:22'),(85,2,90,1,NULL,'2020-04-28 14:21:22'),(86,21,91,1,NULL,'2020-04-28 14:21:22'),(87,36,50,0,NULL,'2020-04-28 14:21:22'),(88,25,18,0,NULL,'2020-04-28 14:21:22'),(89,13,26,1,NULL,'2020-04-28 14:21:23'),(90,15,65,1,NULL,'2020-04-28 14:21:23'),(91,42,58,1,NULL,'2020-04-28 14:21:23'),(92,33,87,1,NULL,'2020-04-28 14:21:23'),(93,27,24,1,NULL,'2020-04-28 14:21:23'),(94,25,79,0,NULL,'2020-04-28 14:21:23'),(95,31,13,0,NULL,'2020-04-28 14:21:23'),(96,16,61,0,NULL,'2020-04-28 14:21:23'),(97,26,92,1,NULL,'2020-04-28 14:21:23'),(98,22,48,0,NULL,'2020-04-28 14:21:23'),(99,4,15,0,NULL,'2020-04-28 14:21:23'),(100,11,70,1,NULL,'2020-04-28 14:21:23'),(101,43,35,1,NULL,'2020-04-28 14:21:23'),(102,16,48,1,NULL,'2020-04-28 14:21:23'),(103,23,44,1,NULL,'2020-04-28 14:21:23'),(104,33,7,0,NULL,'2020-04-28 14:21:23'),(105,21,20,0,NULL,'2020-04-28 14:21:24'),(106,29,31,1,NULL,'2020-04-28 14:21:24'),(107,13,67,1,NULL,'2020-04-28 14:21:24'),(108,32,20,0,NULL,'2020-04-28 14:21:24'),(109,7,18,1,NULL,'2020-04-28 14:21:24'),(110,34,56,0,NULL,'2020-04-28 14:21:24'),(111,34,72,0,NULL,'2020-04-28 14:21:24'),(112,16,15,0,NULL,'2020-04-28 14:21:24'),(113,31,28,1,NULL,'2020-04-28 14:21:24'),(114,39,8,1,NULL,'2020-04-28 14:21:24'),(115,1,52,1,NULL,'2020-04-28 14:21:24'),(116,16,94,1,NULL,'2020-04-28 14:21:24'),(117,6,28,0,NULL,'2020-04-28 14:21:24'),(118,34,12,0,NULL,'2020-04-28 14:21:24'),(119,37,4,0,NULL,'2020-04-28 14:21:24'),(120,32,84,0,NULL,'2020-04-28 14:21:24'),(121,41,81,0,NULL,'2020-04-28 14:21:25'),(122,41,11,0,NULL,'2020-04-28 14:21:25'),(123,13,73,1,NULL,'2020-04-28 14:21:25'),(124,1,58,1,NULL,'2020-04-28 14:21:25'),(125,18,94,0,NULL,'2020-04-28 14:21:25'),(126,15,5,0,NULL,'2020-04-28 14:21:25'),(127,41,74,0,NULL,'2020-04-28 14:21:25'),(128,12,49,1,NULL,'2020-04-28 14:21:25'),(129,39,83,0,NULL,'2020-04-28 14:21:25'),(130,41,17,1,NULL,'2020-04-28 14:21:25'),(131,6,71,1,NULL,'2020-04-28 14:21:25'),(132,33,22,0,NULL,'2020-04-28 14:21:25'),(133,39,86,1,NULL,'2020-04-28 14:21:25'),(134,42,43,0,NULL,'2020-04-28 14:21:25'),(135,36,40,1,NULL,'2020-04-28 14:21:25'),(136,24,98,1,NULL,'2020-04-28 14:21:25'),(137,2,76,1,NULL,'2020-04-28 14:21:25'),(138,5,19,1,NULL,'2020-04-28 14:21:25'),(139,22,76,0,NULL,'2020-04-28 14:21:25'),(140,2,70,0,NULL,'2020-04-28 14:21:25'),(141,11,83,0,NULL,'2020-04-28 14:21:25'),(142,12,51,0,NULL,'2020-04-28 14:21:26'),(143,37,91,0,NULL,'2020-04-28 14:21:26'),(144,17,46,1,NULL,'2020-04-28 14:21:26'),(145,23,99,0,NULL,'2020-04-28 14:21:26'),(146,19,17,0,NULL,'2020-04-28 14:21:26'),(147,34,93,1,NULL,'2020-04-28 14:21:26'),(148,7,33,1,NULL,'2020-04-28 14:21:26'),(149,35,38,1,NULL,'2020-04-28 14:21:26'),(150,33,4,1,NULL,'2020-04-28 14:21:26'),(151,35,17,1,NULL,'2020-04-28 14:21:26'),(152,37,75,0,NULL,'2020-04-28 14:21:26'),(153,41,52,0,NULL,'2020-04-28 14:21:26'),(154,34,10,0,NULL,'2020-04-28 14:21:26'),(155,32,94,1,NULL,'2020-04-28 14:21:26'),(156,15,29,1,NULL,'2020-04-28 14:21:26'),(157,15,78,1,NULL,'2020-04-28 14:21:26'),(158,32,20,0,NULL,'2020-04-28 14:21:26'),(159,27,41,1,NULL,'2020-04-28 14:21:26'),(160,21,53,1,NULL,'2020-04-28 14:21:26'),(161,17,77,1,NULL,'2020-04-28 14:21:26'),(162,14,44,0,NULL,'2020-04-28 14:21:26'),(163,10,29,0,NULL,'2020-04-28 14:21:26'),(164,3,16,1,NULL,'2020-04-28 14:21:27'),(165,4,47,0,NULL,'2020-04-28 14:21:27'),(166,15,49,0,NULL,'2020-04-28 14:21:27'),(167,13,18,1,NULL,'2020-04-28 14:21:27'),(168,2,21,0,NULL,'2020-04-28 14:21:27'),(169,40,91,1,NULL,'2020-04-28 14:21:27'),(170,3,86,1,NULL,'2020-04-28 14:21:27'),(171,24,69,1,NULL,'2020-04-28 14:21:27'),(172,29,72,0,NULL,'2020-04-28 14:21:27'),(173,38,16,0,NULL,'2020-04-28 14:21:27'),(174,16,57,1,NULL,'2020-04-28 14:21:27'),(175,26,76,1,NULL,'2020-04-28 14:21:27'),(176,24,60,1,NULL,'2020-04-28 14:21:27'),(177,24,61,1,NULL,'2020-04-28 14:21:27'),(178,22,18,1,NULL,'2020-04-28 14:21:27'),(179,12,79,0,NULL,'2020-04-28 14:21:27'),(180,18,2,0,NULL,'2020-04-28 14:21:27'),(181,28,64,0,NULL,'2020-04-28 14:21:27'),(182,42,97,0,NULL,'2020-04-28 14:21:27'),(183,41,71,0,NULL,'2020-04-28 14:21:27'),(184,7,90,0,NULL,'2020-04-28 14:21:27'),(185,36,33,0,NULL,'2020-04-28 14:21:27'),(186,13,79,0,NULL,'2020-04-28 14:21:27'),(187,30,51,1,NULL,'2020-04-28 14:21:27'),(188,22,29,1,NULL,'2020-04-28 14:21:27'),(189,3,55,0,NULL,'2020-04-28 14:21:28'),(190,2,25,0,NULL,'2020-04-28 14:21:28'),(191,40,74,1,NULL,'2020-04-28 14:21:28'),(192,19,49,1,NULL,'2020-04-28 14:21:28'),(193,18,54,1,NULL,'2020-04-28 14:21:28'),(194,29,12,0,NULL,'2020-04-28 14:21:28'),(195,40,7,1,NULL,'2020-04-28 14:21:28'),(196,3,34,0,NULL,'2020-04-28 14:21:28'),(197,34,83,0,NULL,'2020-04-28 14:21:28'),(198,1,5,0,NULL,'2020-04-28 14:21:28'),(199,36,53,0,NULL,'2020-04-28 14:21:28'),(200,20,1,1,NULL,'2020-04-28 14:21:28'),(201,36,6,1,NULL,'2020-04-28 14:21:28'),(202,17,44,1,NULL,'2020-04-28 14:21:28'),(203,43,63,1,NULL,'2020-04-28 14:21:28'),(204,31,18,0,NULL,'2020-04-28 14:21:28'),(205,26,95,0,NULL,'2020-04-28 14:21:28'),(206,2,8,0,NULL,'2020-04-28 14:21:28'),(207,13,49,0,NULL,'2020-04-28 14:21:28'),(208,27,57,0,NULL,'2020-04-28 14:21:28'),(209,8,2,0,NULL,'2020-04-28 14:21:28'),(210,43,68,0,NULL,'2020-04-28 14:21:28'),(211,20,72,0,NULL,'2020-04-28 14:21:28'),(212,24,7,0,NULL,'2020-04-28 14:21:28'),(213,33,22,1,NULL,'2020-04-28 14:21:28'),(214,17,57,0,NULL,'2020-04-28 14:21:29'),(215,19,65,0,NULL,'2020-04-28 14:21:29'),(216,28,61,1,NULL,'2020-04-28 14:21:29'),(217,24,77,0,NULL,'2020-04-28 14:21:29'),(218,8,68,0,NULL,'2020-04-28 14:21:29'),(219,25,44,1,NULL,'2020-04-28 14:21:30'),(220,32,55,0,NULL,'2020-04-28 14:21:30'),(221,18,90,1,NULL,'2020-04-28 14:21:30'),(222,16,68,1,NULL,'2020-04-28 14:21:30'),(223,37,53,1,NULL,'2020-04-28 14:21:30'),(224,33,62,1,NULL,'2020-04-28 14:21:30'),(225,42,33,0,NULL,'2020-04-28 14:21:30'),(226,15,30,0,NULL,'2020-04-28 14:21:30'),(227,20,45,0,NULL,'2020-04-28 14:21:30'),(228,42,83,0,NULL,'2020-04-28 14:21:30'),(229,21,72,0,NULL,'2020-04-28 14:21:30'),(230,29,45,0,NULL,'2020-04-28 14:21:30'),(231,9,15,0,NULL,'2020-04-28 14:21:30'),(232,11,100,1,NULL,'2020-04-28 14:21:30'),(233,8,5,0,NULL,'2020-04-28 14:21:30'),(234,29,71,0,NULL,'2020-04-28 14:21:30'),(235,12,3,0,NULL,'2020-04-28 14:21:30'),(236,24,12,1,NULL,'2020-04-28 14:21:30'),(237,16,54,1,NULL,'2020-04-28 14:21:30'),(238,16,51,1,NULL,'2020-04-28 14:21:30'),(239,31,13,1,NULL,'2020-04-28 14:21:30'),(240,9,48,0,NULL,'2020-04-28 14:21:30'),(241,8,33,0,NULL,'2020-04-28 14:21:30'),(242,35,58,1,NULL,'2020-04-28 14:21:31'),(243,22,21,1,NULL,'2020-04-28 14:21:31'),(244,29,5,0,NULL,'2020-04-28 14:21:31'),(245,10,1,1,NULL,'2020-04-28 14:21:31'),(246,35,46,0,NULL,'2020-04-28 14:21:31'),(247,24,80,0,NULL,'2020-04-28 14:21:32'),(248,36,74,1,NULL,'2020-04-28 14:21:32'),(249,23,98,1,NULL,'2020-04-28 14:21:32'),(250,12,75,0,NULL,'2020-04-28 14:21:32'),(251,1,76,1,NULL,'2020-04-28 14:21:32'),(252,19,22,1,NULL,'2020-04-28 14:21:33'),(253,19,63,1,NULL,'2020-04-28 14:21:33'),(254,30,71,0,NULL,'2020-04-28 14:21:33'),(255,22,30,1,NULL,'2020-04-28 14:21:33'),(256,26,63,1,NULL,'2020-04-28 14:21:33'),(257,16,56,0,NULL,'2020-04-28 14:21:33'),(258,33,96,1,NULL,'2020-04-28 14:21:33'),(259,24,78,1,NULL,'2020-04-28 14:21:33'),(260,1,35,0,NULL,'2020-04-28 14:21:33'),(261,20,44,1,NULL,'2020-04-28 14:21:33'),(262,42,5,0,NULL,'2020-04-28 14:21:33'),(263,37,64,1,NULL,'2020-04-28 14:21:33'),(264,22,91,0,NULL,'2020-04-28 14:21:33'),(265,12,48,0,NULL,'2020-04-28 14:21:33'),(266,38,85,0,NULL,'2020-04-28 14:21:33'),(267,43,76,1,NULL,'2020-04-28 14:21:33'),(268,25,53,0,NULL,'2020-04-28 14:21:33'),(269,21,44,0,NULL,'2020-04-28 14:21:33'),(270,1,1,0,NULL,'2020-04-28 14:21:33'),(271,40,76,0,NULL,'2020-04-28 14:21:33'),(272,2,72,1,NULL,'2020-04-28 14:21:33'),(273,24,77,0,NULL,'2020-04-28 14:21:33'),(274,25,1,0,NULL,'2020-04-28 14:21:34'),(275,2,33,1,NULL,'2020-04-28 14:21:34'),(276,28,63,0,NULL,'2020-04-28 14:21:34'),(277,18,92,0,NULL,'2020-04-28 14:21:34'),(278,27,21,1,NULL,'2020-04-28 14:21:34'),(279,7,21,1,NULL,'2020-04-28 14:21:34'),(280,15,26,0,NULL,'2020-04-28 14:21:34'),(281,32,72,0,NULL,'2020-04-28 14:21:34'),(282,38,15,0,NULL,'2020-04-28 14:21:34'),(283,37,37,0,NULL,'2020-04-28 14:21:34'),(284,18,57,0,NULL,'2020-04-28 14:21:34'),(285,28,17,1,NULL,'2020-04-28 14:21:34'),(286,26,81,0,NULL,'2020-04-28 14:21:34'),(287,3,10,0,NULL,'2020-04-28 14:21:34'),(288,34,50,1,NULL,'2020-04-28 14:21:35'),(289,32,78,1,NULL,'2020-04-28 14:21:35'),(290,14,81,0,NULL,'2020-04-28 14:21:35'),(291,21,38,1,NULL,'2020-04-28 14:21:35'),(292,37,45,0,NULL,'2020-04-28 14:21:35'),(293,42,2,1,NULL,'2020-04-28 14:21:35'),(294,39,95,0,NULL,'2020-04-28 14:21:35'),(295,30,4,1,NULL,'2020-04-28 14:21:35'),(296,41,87,1,NULL,'2020-04-28 14:21:35'),(297,6,63,0,NULL,'2020-04-28 14:21:35'),(298,6,35,0,NULL,'2020-04-28 14:21:35'),(299,20,9,0,NULL,'2020-04-28 14:21:35'),(300,40,9,0,NULL,'2020-04-28 14:21:35'),(301,36,58,0,NULL,'2020-04-28 14:21:35'),(302,30,66,0,NULL,'2020-04-28 14:21:35'),(303,17,86,1,NULL,'2020-04-28 14:21:36'),(304,24,11,0,NULL,'2020-04-28 14:21:36'),(305,10,71,1,NULL,'2020-04-28 14:21:36'),(306,10,37,0,NULL,'2020-04-28 14:21:36'),(307,27,21,1,NULL,'2020-04-28 14:21:36'),(308,1,55,1,NULL,'2020-04-28 14:21:36'),(309,13,51,0,NULL,'2020-04-28 14:21:36'),(310,20,77,0,NULL,'2020-04-28 14:21:36'),(311,29,61,1,NULL,'2020-04-28 14:21:36'),(312,17,73,1,NULL,'2020-04-28 14:21:36'),(313,43,12,0,NULL,'2020-04-28 14:21:36'),(314,7,54,1,NULL,'2020-04-28 14:21:36'),(315,32,14,0,NULL,'2020-04-28 14:21:36'),(316,37,78,1,NULL,'2020-04-28 14:21:36'),(317,31,2,1,NULL,'2020-04-28 14:21:36'),(318,33,50,1,NULL,'2020-04-28 14:21:36'),(319,34,81,1,NULL,'2020-04-28 14:21:36'),(320,9,20,1,NULL,'2020-04-28 14:21:36'),(321,31,100,0,NULL,'2020-04-28 14:21:36'),(322,4,72,1,NULL,'2020-04-28 14:21:36'),(323,18,37,0,NULL,'2020-04-28 14:21:37'),(324,2,9,0,NULL,'2020-04-28 14:21:37'),(325,22,55,1,NULL,'2020-04-28 14:21:37'),(326,15,55,1,NULL,'2020-04-28 14:21:37'),(327,32,40,1,NULL,'2020-04-28 14:21:37'),(328,39,41,0,NULL,'2020-04-28 14:21:37'),(329,16,61,0,NULL,'2020-04-28 14:21:37'),(330,29,56,0,NULL,'2020-04-28 14:21:37'),(331,32,81,0,NULL,'2020-04-28 14:21:37'),(332,39,100,1,NULL,'2020-04-28 14:21:37'),(333,3,68,0,NULL,'2020-04-28 14:21:37'),(334,6,1,0,NULL,'2020-04-28 14:21:37'),(335,8,88,1,NULL,'2020-04-28 14:21:37'),(336,15,95,0,NULL,'2020-04-28 14:21:37'),(337,43,83,1,NULL,'2020-04-28 14:21:37'),(338,17,8,1,NULL,'2020-04-28 14:21:37'),(339,9,24,1,NULL,'2020-04-28 14:21:37'),(340,24,85,1,NULL,'2020-04-28 14:21:37'),(341,20,86,1,NULL,'2020-04-28 14:21:37'),(342,10,73,0,NULL,'2020-04-28 14:21:37'),(343,13,10,1,NULL,'2020-04-28 14:21:37'),(344,38,32,0,NULL,'2020-04-28 14:21:37'),(345,23,6,1,NULL,'2020-04-28 14:21:38'),(346,22,40,1,NULL,'2020-04-28 14:21:38'),(347,31,46,1,NULL,'2020-04-28 14:21:38'),(348,23,12,0,NULL,'2020-04-28 14:21:38'),(349,2,58,1,NULL,'2020-04-28 14:21:38'),(350,21,35,0,NULL,'2020-04-28 14:21:38'),(351,11,83,1,NULL,'2020-04-28 14:21:38'),(352,3,84,1,NULL,'2020-04-28 14:21:38'),(353,5,12,1,NULL,'2020-04-28 14:21:38'),(354,20,77,0,NULL,'2020-04-28 14:21:38'),(355,37,83,1,NULL,'2020-04-28 14:21:38'),(356,21,33,0,NULL,'2020-04-28 14:21:38'),(357,42,26,0,NULL,'2020-04-28 14:21:38'),(358,10,41,0,NULL,'2020-04-28 14:21:38'),(359,20,60,1,NULL,'2020-04-28 14:21:38'),(360,23,8,0,NULL,'2020-04-28 14:21:38'),(361,16,90,1,NULL,'2020-04-28 14:21:38'),(362,20,34,0,NULL,'2020-04-28 14:21:38'),(363,15,28,1,NULL,'2020-04-28 14:21:39'),(364,16,67,1,NULL,'2020-04-28 14:21:39'),(365,43,88,0,NULL,'2020-04-28 14:21:39'),(366,3,97,0,NULL,'2020-04-28 14:21:39'),(367,40,99,0,NULL,'2020-04-28 14:21:39'),(368,20,54,1,NULL,'2020-04-28 14:21:39'),(369,36,99,1,NULL,'2020-04-28 14:21:39'),(370,24,14,0,NULL,'2020-04-28 14:21:39'),(371,29,53,0,NULL,'2020-04-28 14:21:39'),(372,20,16,1,NULL,'2020-04-28 14:21:39'),(373,41,12,1,NULL,'2020-04-28 14:21:40'),(374,3,65,1,NULL,'2020-04-28 14:21:40'),(375,12,22,0,NULL,'2020-04-28 14:21:40'),(376,11,60,0,NULL,'2020-04-28 14:21:40'),(377,16,57,0,NULL,'2020-04-28 14:21:40'),(378,30,13,0,NULL,'2020-04-28 14:21:40'),(379,38,70,0,NULL,'2020-04-28 14:21:40'),(380,24,56,0,NULL,'2020-04-28 14:21:40'),(381,41,89,0,NULL,'2020-04-28 14:21:40'),(382,34,70,0,NULL,'2020-04-28 14:21:40'),(383,9,100,1,NULL,'2020-04-28 14:21:40'),(384,32,1,0,NULL,'2020-04-28 14:21:40'),(385,9,86,1,NULL,'2020-04-28 14:21:40'),(386,35,11,1,NULL,'2020-04-28 14:21:40'),(387,23,54,1,NULL,'2020-04-28 14:21:40'),(388,15,100,0,NULL,'2020-04-28 14:21:41'),(389,10,91,0,NULL,'2020-04-28 14:21:41'),(390,24,25,0,NULL,'2020-04-28 14:21:41'),(391,14,4,0,NULL,'2020-04-28 14:21:41'),(392,18,45,0,NULL,'2020-04-28 14:21:41'),(393,23,38,0,NULL,'2020-04-28 14:21:41'),(394,38,91,1,NULL,'2020-04-28 14:21:41'),(395,13,31,1,NULL,'2020-04-28 14:21:41'),(396,23,84,1,NULL,'2020-04-28 14:21:41'),(397,21,53,1,NULL,'2020-04-28 14:21:41'),(398,26,83,1,NULL,'2020-04-28 14:21:41'),(399,21,69,1,NULL,'2020-04-28 14:21:41'),(400,21,38,1,NULL,'2020-04-28 14:21:41'),(401,24,49,1,NULL,'2020-04-28 14:21:41'),(402,22,9,0,NULL,'2020-04-28 14:21:42'),(403,24,14,0,NULL,'2020-04-28 14:21:42'),(404,31,93,0,NULL,'2020-04-28 14:21:42'),(405,27,87,0,NULL,'2020-04-28 14:21:42'),(406,30,48,1,NULL,'2020-04-28 14:21:42'),(407,40,50,1,NULL,'2020-04-28 14:21:42'),(408,8,81,1,NULL,'2020-04-28 14:21:42'),(409,18,72,0,NULL,'2020-04-28 14:21:42'),(410,26,48,1,NULL,'2020-04-28 14:21:42'),(411,13,72,1,NULL,'2020-04-28 14:21:42'),(412,19,12,0,NULL,'2020-04-28 14:21:42'),(413,4,51,0,NULL,'2020-04-28 14:21:42'),(414,37,74,1,NULL,'2020-04-28 14:21:42'),(415,3,9,0,NULL,'2020-04-28 14:21:42'),(416,24,12,0,NULL,'2020-04-28 14:21:42'),(417,23,21,1,NULL,'2020-04-28 14:21:42'),(418,15,56,1,NULL,'2020-04-28 14:21:42'),(419,30,10,1,NULL,'2020-04-28 14:21:42'),(420,11,99,0,NULL,'2020-04-28 14:21:42'),(421,21,16,0,NULL,'2020-04-28 14:21:43'),(422,29,45,0,NULL,'2020-04-28 14:21:43'),(423,19,16,1,NULL,'2020-04-28 14:21:43'),(424,33,69,1,NULL,'2020-04-28 14:21:43'),(425,36,44,1,NULL,'2020-04-28 14:21:43'),(426,39,18,1,NULL,'2020-04-28 14:21:43'),(427,25,56,1,NULL,'2020-04-28 14:21:43'),(428,14,10,1,NULL,'2020-04-28 14:21:43'),(429,12,47,1,NULL,'2020-04-28 14:21:43'),(430,36,19,1,NULL,'2020-04-28 14:21:43'),(431,12,85,0,NULL,'2020-04-28 14:21:43'),(432,36,66,0,NULL,'2020-04-28 14:21:43'),(433,24,15,0,NULL,'2020-04-28 14:21:43'),(434,15,40,0,NULL,'2020-04-28 14:21:43'),(435,7,66,1,NULL,'2020-04-28 14:21:43'),(436,4,35,0,NULL,'2020-04-28 14:21:43'),(437,24,23,0,NULL,'2020-04-28 14:21:43'),(438,35,89,0,NULL,'2020-04-28 14:21:43'),(439,4,46,1,NULL,'2020-04-28 14:21:43'),(440,15,78,0,NULL,'2020-04-28 14:21:43'),(441,23,77,0,NULL,'2020-04-28 14:21:44'),(442,8,48,1,NULL,'2020-04-28 14:21:44'),(443,25,23,0,NULL,'2020-04-28 14:21:44'),(444,26,20,1,NULL,'2020-04-28 14:21:44'),(445,24,98,0,NULL,'2020-04-28 14:21:44'),(446,22,42,0,NULL,'2020-04-28 14:21:44'),(447,37,81,0,NULL,'2020-04-28 14:21:44'),(448,25,29,1,NULL,'2020-04-28 14:21:44'),(449,25,39,1,NULL,'2020-04-28 14:21:44'),(450,25,24,1,NULL,'2020-04-28 14:21:44'),(451,4,58,0,NULL,'2020-04-28 14:21:44'),(452,14,11,1,NULL,'2020-04-28 14:21:44'),(453,2,76,1,NULL,'2020-04-28 14:21:44'),(454,8,64,1,NULL,'2020-04-28 14:21:44'),(455,13,54,0,NULL,'2020-04-28 14:21:45'),(456,40,34,0,NULL,'2020-04-28 14:21:45'),(457,32,39,1,NULL,'2020-04-28 14:21:45'),(458,34,81,1,NULL,'2020-04-28 14:21:45'),(459,11,34,0,NULL,'2020-04-28 14:21:45'),(460,20,28,0,NULL,'2020-04-28 14:21:45'),(461,1,28,0,NULL,'2020-04-28 14:21:45'),(462,5,78,0,NULL,'2020-04-28 14:21:45'),(463,22,85,0,NULL,'2020-04-28 14:21:45'),(464,15,25,0,NULL,'2020-04-28 14:21:45'),(465,25,32,1,NULL,'2020-04-28 14:21:45'),(466,13,1,0,NULL,'2020-04-28 14:21:45'),(467,15,69,0,NULL,'2020-04-28 14:21:45'),(468,8,22,0,NULL,'2020-04-28 14:21:45'),(469,26,87,0,NULL,'2020-04-28 14:21:45'),(470,24,100,0,NULL,'2020-04-28 14:21:45'),(471,31,5,1,NULL,'2020-04-28 14:21:46'),(472,31,2,0,NULL,'2020-04-28 14:21:46'),(473,37,99,0,NULL,'2020-04-28 14:21:46'),(474,40,68,1,NULL,'2020-04-28 14:21:46'),(475,40,77,0,NULL,'2020-04-28 14:21:46'),(476,6,8,1,NULL,'2020-04-28 14:21:46'),(477,31,17,1,NULL,'2020-04-28 14:21:46'),(478,28,70,0,NULL,'2020-04-28 14:21:46'),(479,41,41,1,NULL,'2020-04-28 14:21:46'),(480,3,72,0,NULL,'2020-04-28 14:21:46'),(481,28,97,1,NULL,'2020-04-28 14:21:46'),(482,34,66,0,NULL,'2020-04-28 14:21:46'),(483,33,8,1,NULL,'2020-04-28 14:21:46'),(484,21,34,1,NULL,'2020-04-28 14:21:46'),(485,39,12,0,NULL,'2020-04-28 14:21:46'),(486,5,53,1,NULL,'2020-04-28 14:21:46'),(487,26,14,1,NULL,'2020-04-28 14:21:47'),(488,40,86,0,NULL,'2020-04-28 14:21:47'),(489,15,4,0,NULL,'2020-04-28 14:21:47'),(490,14,49,1,NULL,'2020-04-28 14:21:47'),(491,43,82,1,NULL,'2020-04-28 14:21:47'),(492,41,66,0,NULL,'2020-04-28 14:21:47'),(493,2,52,0,NULL,'2020-04-28 14:21:47'),(494,33,61,1,NULL,'2020-04-28 14:21:47'),(495,37,46,1,NULL,'2020-04-28 14:21:47'),(496,16,21,1,NULL,'2020-04-28 14:21:47'),(497,33,16,1,NULL,'2020-04-28 14:21:47'),(498,23,37,0,NULL,'2020-04-28 14:21:47'),(499,9,9,0,NULL,'2020-04-28 14:21:47'),(500,36,43,0,NULL,'2020-04-28 14:21:47'),(501,10,60,1,NULL,'2020-04-28 14:21:47'),(502,13,11,0,NULL,'2020-04-28 14:21:47'),(503,30,6,1,NULL,'2020-04-28 14:21:47'),(504,13,3,1,NULL,'2020-04-28 14:21:47'),(505,17,28,0,NULL,'2020-04-28 14:21:47'),(506,38,31,1,NULL,'2020-04-28 14:21:47'),(507,19,7,0,NULL,'2020-04-28 14:21:47'),(508,15,83,0,NULL,'2020-04-28 14:21:47'),(509,10,83,1,NULL,'2020-04-28 14:21:47'),(510,35,40,0,NULL,'2020-04-28 14:21:47'),(511,32,64,1,NULL,'2020-04-28 14:21:47'),(512,25,74,1,NULL,'2020-04-28 14:21:47'),(513,20,12,1,NULL,'2020-04-28 14:21:48'),(514,39,69,1,NULL,'2020-04-28 14:21:48'),(515,34,60,0,NULL,'2020-04-28 14:21:48'),(516,33,24,1,NULL,'2020-04-28 14:21:48'),(517,15,52,1,NULL,'2020-04-28 14:21:48'),(518,12,12,0,NULL,'2020-04-28 14:21:48'),(519,9,4,0,NULL,'2020-04-28 14:21:48'),(520,13,60,0,NULL,'2020-04-28 14:21:48'),(521,10,9,0,NULL,'2020-04-28 14:21:48'),(522,26,6,1,NULL,'2020-04-28 14:21:48'),(523,23,40,1,NULL,'2020-04-28 14:21:48'),(524,18,48,1,NULL,'2020-04-28 14:21:48'),(525,42,85,1,NULL,'2020-04-28 14:21:48'),(526,36,71,0,NULL,'2020-04-28 14:21:48'),(527,34,4,0,NULL,'2020-04-28 14:21:48'),(528,43,73,0,NULL,'2020-04-28 14:21:48'),(529,29,41,0,NULL,'2020-04-28 14:21:48'),(530,13,32,0,NULL,'2020-04-28 14:21:48'),(531,26,30,1,NULL,'2020-04-28 14:21:48'),(532,2,8,0,NULL,'2020-04-28 14:21:48'),(533,21,89,0,NULL,'2020-04-28 14:21:48'),(534,27,55,0,NULL,'2020-04-28 14:21:48'),(535,6,23,1,NULL,'2020-04-28 14:21:48'),(536,11,15,1,NULL,'2020-04-28 14:21:48'),(537,21,13,1,NULL,'2020-04-28 14:21:48'),(538,16,97,1,NULL,'2020-04-28 14:21:48'),(539,13,70,1,NULL,'2020-04-28 14:21:48'),(540,8,50,1,NULL,'2020-04-28 14:21:49'),(541,41,11,1,NULL,'2020-04-28 14:21:49'),(542,3,96,0,NULL,'2020-04-28 14:21:49'),(543,36,4,1,NULL,'2020-04-28 14:21:49'),(544,6,54,0,NULL,'2020-04-28 14:21:49'),(545,32,9,1,NULL,'2020-04-28 14:21:49'),(546,42,78,1,NULL,'2020-04-28 14:21:49'),(547,31,88,0,NULL,'2020-04-28 14:21:49'),(548,39,28,0,NULL,'2020-04-28 14:21:49'),(549,11,18,1,NULL,'2020-04-28 14:21:49'),(550,5,6,1,NULL,'2020-04-28 14:21:49'),(551,26,87,0,NULL,'2020-04-28 14:21:49'),(552,30,61,1,NULL,'2020-04-28 14:21:49'),(553,21,89,0,NULL,'2020-04-28 14:21:49'),(554,31,83,0,NULL,'2020-04-28 14:21:49'),(555,37,8,1,NULL,'2020-04-28 14:21:49'),(556,37,55,1,NULL,'2020-04-28 14:21:50'),(557,32,14,1,NULL,'2020-04-28 14:21:50'),(558,36,54,0,NULL,'2020-04-28 14:21:50'),(559,37,30,0,NULL,'2020-04-28 14:21:50'),(560,27,62,1,NULL,'2020-04-28 14:21:50'),(561,6,15,0,NULL,'2020-04-28 14:21:50'),(562,43,55,0,NULL,'2020-04-28 14:21:50'),(563,22,36,0,NULL,'2020-04-28 14:21:50'),(564,10,27,1,NULL,'2020-04-28 14:21:50'),(565,21,94,1,NULL,'2020-04-28 14:21:50'),(566,42,38,1,NULL,'2020-04-28 14:21:50'),(567,35,79,1,NULL,'2020-04-28 14:21:50'),(568,22,88,0,NULL,'2020-04-28 14:21:50'),(569,5,91,0,NULL,'2020-04-28 14:21:50'),(570,2,91,0,NULL,'2020-04-28 14:21:50'),(571,8,55,0,NULL,'2020-04-28 14:21:50'),(572,15,94,1,NULL,'2020-04-28 14:21:50'),(573,19,18,1,NULL,'2020-04-28 14:21:50'),(574,1,69,0,NULL,'2020-04-28 14:21:50'),(575,3,82,0,NULL,'2020-04-28 14:21:51'),(576,24,8,0,NULL,'2020-04-28 14:21:51'),(577,2,35,1,NULL,'2020-04-28 14:21:51'),(578,9,99,0,NULL,'2020-04-28 14:21:51'),(579,14,45,0,NULL,'2020-04-28 14:21:51'),(580,28,3,0,NULL,'2020-04-28 14:21:51'),(581,35,96,1,NULL,'2020-04-28 14:21:51'),(582,5,16,1,NULL,'2020-04-28 14:21:51'),(583,1,26,1,NULL,'2020-04-28 14:21:52'),(584,25,48,0,NULL,'2020-04-28 14:21:52'),(585,15,10,0,NULL,'2020-04-28 14:21:52'),(586,10,57,0,NULL,'2020-04-28 14:21:52'),(587,14,23,0,NULL,'2020-04-28 14:21:52'),(588,8,35,0,NULL,'2020-04-28 14:21:52'),(589,38,34,1,NULL,'2020-04-28 14:21:52'),(590,12,36,0,NULL,'2020-04-28 14:21:52'),(591,20,37,1,NULL,'2020-04-28 14:21:52'),(592,43,42,0,NULL,'2020-04-28 14:21:52'),(593,17,36,1,NULL,'2020-04-28 14:21:52'),(594,28,56,0,NULL,'2020-04-28 14:21:53'),(595,42,47,0,NULL,'2020-04-28 14:21:53'),(596,30,69,1,NULL,'2020-04-28 14:21:53'),(597,11,90,0,NULL,'2020-04-28 14:21:53'),(598,27,77,0,NULL,'2020-04-28 14:21:53'),(599,30,34,0,NULL,'2020-04-28 14:21:53'),(600,22,81,0,NULL,'2020-04-28 14:21:53'),(601,40,6,1,NULL,'2020-04-28 14:21:53'),(602,10,1,0,NULL,'2020-04-28 14:21:53'),(603,17,85,1,NULL,'2020-04-28 14:21:53'),(604,31,30,0,NULL,'2020-04-28 14:21:53'),(605,34,80,0,NULL,'2020-04-28 14:21:53'),(606,6,34,1,NULL,'2020-04-28 14:21:53'),(607,38,16,0,NULL,'2020-04-28 14:21:53'),(608,33,72,1,NULL,'2020-04-28 14:21:53'),(609,3,59,0,NULL,'2020-04-28 14:21:54'),(610,38,87,1,NULL,'2020-04-28 14:21:54'),(611,5,43,0,NULL,'2020-04-28 14:21:54'),(612,24,49,1,NULL,'2020-04-28 14:21:54'),(613,35,29,1,NULL,'2020-04-28 14:21:54'),(614,37,12,1,NULL,'2020-04-28 14:21:54'),(615,5,49,0,NULL,'2020-04-28 14:21:54'),(616,35,93,0,NULL,'2020-04-28 14:21:54'),(617,5,53,1,NULL,'2020-04-28 14:21:54'),(618,43,82,0,NULL,'2020-04-28 14:21:54'),(619,19,34,1,NULL,'2020-04-28 14:21:54'),(620,14,90,1,NULL,'2020-04-28 14:21:54'),(621,39,79,0,NULL,'2020-04-28 14:21:54'),(622,28,91,1,NULL,'2020-04-28 14:21:54'),(623,6,64,0,NULL,'2020-04-28 14:21:54'),(624,32,43,0,NULL,'2020-04-28 14:21:54'),(625,42,49,0,NULL,'2020-04-28 14:21:54'),(626,23,2,1,NULL,'2020-04-28 14:21:54'),(627,31,67,0,NULL,'2020-04-28 14:21:54'),(628,30,6,0,NULL,'2020-04-28 14:21:55'),(629,36,2,1,NULL,'2020-04-28 14:21:55'),(630,13,49,0,NULL,'2020-04-28 14:21:55'),(631,18,45,0,NULL,'2020-04-28 14:21:55'),(632,25,2,0,NULL,'2020-04-28 14:21:55'),(633,13,6,0,NULL,'2020-04-28 14:21:55'),(634,27,65,1,NULL,'2020-04-28 14:21:55'),(635,7,6,1,NULL,'2020-04-28 14:21:55'),(636,22,45,1,NULL,'2020-04-28 14:21:55'),(637,26,15,1,NULL,'2020-04-28 14:21:55'),(638,43,60,1,NULL,'2020-04-28 14:21:55'),(639,2,93,0,NULL,'2020-04-28 14:21:55'),(640,15,95,0,NULL,'2020-04-28 14:21:55'),(641,15,91,1,NULL,'2020-04-28 14:21:55'),(642,22,77,1,NULL,'2020-04-28 14:21:55'),(643,10,28,0,NULL,'2020-04-28 14:21:55'),(644,36,38,0,NULL,'2020-04-28 14:21:55'),(645,15,46,0,NULL,'2020-04-28 14:21:55'),(646,5,85,1,NULL,'2020-04-28 14:21:55'),(647,3,87,1,NULL,'2020-04-28 14:21:55'),(648,15,14,1,NULL,'2020-04-28 14:21:55'),(649,37,97,1,NULL,'2020-04-28 14:21:55'),(650,35,41,0,NULL,'2020-04-28 14:21:55'),(651,16,62,1,NULL,'2020-04-28 14:21:55'),(652,12,31,0,NULL,'2020-04-28 14:21:55'),(653,33,28,0,NULL,'2020-04-28 14:21:55'),(654,31,37,1,NULL,'2020-04-28 14:21:56'),(655,33,91,0,NULL,'2020-04-28 14:21:56'),(656,36,45,1,NULL,'2020-04-28 14:21:56'),(657,41,61,1,NULL,'2020-04-28 14:21:56'),(658,1,67,0,NULL,'2020-04-28 14:21:56'),(659,4,99,0,NULL,'2020-04-28 14:21:56'),(660,26,92,0,NULL,'2020-04-28 14:21:56'),(661,20,5,1,NULL,'2020-04-28 14:21:56'),(662,11,68,1,NULL,'2020-04-28 14:21:56'),(663,7,52,1,NULL,'2020-04-28 14:21:56'),(664,38,81,1,NULL,'2020-04-28 14:21:56'),(665,27,72,0,NULL,'2020-04-28 14:21:56'),(666,13,36,1,NULL,'2020-04-28 14:21:56'),(667,43,40,0,NULL,'2020-04-28 14:21:57'),(668,11,14,1,NULL,'2020-04-28 14:21:57'),(669,28,96,1,NULL,'2020-04-28 14:21:57'),(670,11,46,0,NULL,'2020-04-28 14:21:57'),(671,19,40,1,NULL,'2020-04-28 14:21:57'),(672,2,24,1,NULL,'2020-04-28 14:21:57'),(673,17,77,0,NULL,'2020-04-28 14:21:58'),(674,25,83,1,NULL,'2020-04-28 14:21:58'),(675,35,59,0,NULL,'2020-04-28 14:21:58'),(676,38,62,1,NULL,'2020-04-28 14:21:58'),(677,25,94,1,NULL,'2020-04-28 14:21:58'),(678,10,76,1,NULL,'2020-04-28 14:21:58'),(679,25,12,1,NULL,'2020-04-28 14:21:58'),(680,38,21,1,NULL,'2020-04-28 14:21:58'),(681,14,4,0,NULL,'2020-04-28 14:21:58'),(682,23,7,0,NULL,'2020-04-28 14:21:58'),(683,1,90,0,NULL,'2020-04-28 14:21:58'),(684,22,23,0,NULL,'2020-04-28 14:21:58'),(685,33,95,0,NULL,'2020-04-28 14:21:59'),(686,20,10,1,NULL,'2020-04-28 14:21:59'),(687,19,48,0,NULL,'2020-04-28 14:21:59'),(688,32,61,1,NULL,'2020-04-28 14:21:59'),(689,16,95,0,NULL,'2020-04-28 14:21:59'),(690,3,17,1,NULL,'2020-04-28 14:21:59'),(691,5,75,0,NULL,'2020-04-28 14:21:59'),(692,12,81,0,NULL,'2020-04-28 14:21:59'),(693,32,37,1,NULL,'2020-04-28 14:21:59'),(694,17,37,0,NULL,'2020-04-28 14:21:59'),(695,1,63,1,NULL,'2020-04-28 14:21:59'),(696,15,43,0,NULL,'2020-04-28 14:21:59'),(697,14,34,0,NULL,'2020-04-28 14:21:59'),(698,42,48,1,NULL,'2020-04-28 14:22:00'),(699,39,1,0,NULL,'2020-04-28 14:22:00'),(700,2,89,0,NULL,'2020-04-28 14:22:00'),(701,17,59,0,NULL,'2020-04-28 14:22:00'),(702,11,27,0,NULL,'2020-04-28 14:22:00'),(703,10,54,1,NULL,'2020-04-28 14:22:00'),(704,5,22,0,NULL,'2020-04-28 14:22:00'),(705,40,1,0,NULL,'2020-04-28 14:22:00'),(706,18,77,0,NULL,'2020-04-28 14:22:01'),(707,40,76,1,NULL,'2020-04-28 14:22:01'),(708,14,73,0,NULL,'2020-04-28 14:22:01'),(709,4,90,0,NULL,'2020-04-28 14:22:01'),(710,16,30,1,NULL,'2020-04-28 14:22:04'),(711,31,74,1,NULL,'2020-04-28 14:22:04'),(712,43,35,0,NULL,'2020-04-28 14:22:04'),(713,2,52,0,NULL,'2020-04-28 14:22:04'),(714,14,4,0,NULL,'2020-04-28 14:22:04'),(715,10,90,1,NULL,'2020-04-28 14:22:04'),(716,26,51,0,NULL,'2020-04-28 14:22:04'),(717,10,10,1,NULL,'2020-04-28 14:22:04'),(718,17,22,1,NULL,'2020-04-28 14:22:04'),(719,20,46,1,NULL,'2020-04-28 14:22:04'),(720,18,25,1,NULL,'2020-04-28 14:22:04'),(721,7,17,1,NULL,'2020-04-28 14:22:04'),(722,17,32,0,NULL,'2020-04-28 14:22:04'),(723,39,59,0,NULL,'2020-04-28 14:22:04'),(724,25,76,1,NULL,'2020-04-28 14:22:05'),(725,7,15,0,NULL,'2020-04-28 14:22:05'),(726,38,7,0,NULL,'2020-04-28 14:22:05'),(727,13,18,0,NULL,'2020-04-28 14:22:05'),(728,16,69,1,NULL,'2020-04-28 14:22:05'),(729,6,61,1,NULL,'2020-04-28 14:22:05'),(730,26,86,0,NULL,'2020-04-28 14:22:05'),(731,4,87,0,NULL,'2020-04-28 14:22:05'),(732,39,78,1,NULL,'2020-04-28 14:22:05'),(733,28,16,0,NULL,'2020-04-28 14:22:05'),(734,12,35,0,NULL,'2020-04-28 14:22:05'),(735,5,65,0,NULL,'2020-04-28 14:22:05'),(736,6,54,0,NULL,'2020-04-28 14:22:05'),(737,21,63,1,NULL,'2020-04-28 14:22:05'),(738,2,29,1,NULL,'2020-04-28 14:22:05'),(739,6,100,1,NULL,'2020-04-28 14:22:05'),(740,33,84,0,NULL,'2020-04-28 14:22:05'),(741,2,46,0,NULL,'2020-04-28 14:22:05'),(742,25,19,1,NULL,'2020-04-28 14:22:05'),(743,23,64,1,NULL,'2020-04-28 14:22:05'),(744,1,13,0,NULL,'2020-04-28 14:22:05'),(745,24,84,0,NULL,'2020-04-28 14:22:05'),(746,37,74,1,NULL,'2020-04-28 14:22:05'),(747,16,35,0,NULL,'2020-04-28 14:22:05'),(748,17,11,1,NULL,'2020-04-28 14:22:06'),(749,26,17,1,NULL,'2020-04-28 14:22:06'),(750,38,23,0,NULL,'2020-04-28 14:22:06'),(751,1,13,0,NULL,'2020-04-28 14:22:06'),(752,41,72,1,NULL,'2020-04-28 14:22:06'),(753,25,51,1,NULL,'2020-04-28 14:22:06'),(754,24,76,0,NULL,'2020-04-28 14:22:06'),(755,35,21,0,NULL,'2020-04-28 14:22:06'),(756,6,18,0,NULL,'2020-04-28 14:22:06'),(757,34,100,1,NULL,'2020-04-28 14:22:06'),(758,36,35,0,NULL,'2020-04-28 14:22:06'),(759,40,98,0,NULL,'2020-04-28 14:22:06'),(760,6,52,1,NULL,'2020-04-28 14:22:06'),(761,15,40,1,NULL,'2020-04-28 14:22:06'),(762,43,29,0,NULL,'2020-04-28 14:22:06'),(763,15,45,1,NULL,'2020-04-28 14:22:06'),(764,5,85,0,NULL,'2020-04-28 14:22:06'),(765,1,81,0,NULL,'2020-04-28 14:22:06'),(766,12,99,1,NULL,'2020-04-28 14:22:06'),(767,10,20,1,NULL,'2020-04-28 14:22:07'),(768,4,87,0,NULL,'2020-04-28 14:22:07'),(769,9,95,0,NULL,'2020-04-28 14:22:07'),(770,30,32,1,NULL,'2020-04-28 14:22:07'),(771,16,78,1,NULL,'2020-04-28 14:22:07'),(772,38,67,0,NULL,'2020-04-28 14:22:07'),(773,21,44,0,NULL,'2020-04-28 14:22:07'),(774,1,22,1,NULL,'2020-04-28 14:22:07'),(775,37,54,1,NULL,'2020-04-28 14:22:07'),(776,18,45,0,NULL,'2020-04-28 14:22:07'),(777,8,30,0,NULL,'2020-04-28 14:22:07'),(778,19,68,0,NULL,'2020-04-28 14:22:07'),(779,15,40,0,NULL,'2020-04-28 14:22:07'),(780,38,28,1,NULL,'2020-04-28 14:22:07'),(781,39,73,0,NULL,'2020-04-28 14:22:07'),(782,16,99,1,NULL,'2020-04-28 14:22:07'),(783,28,61,1,NULL,'2020-04-28 14:22:07'),(784,5,18,1,NULL,'2020-04-28 14:22:07'),(785,3,17,1,NULL,'2020-04-28 14:22:07'),(786,28,33,1,NULL,'2020-04-28 14:22:07'),(787,37,59,1,NULL,'2020-04-28 14:22:07'),(788,22,88,0,NULL,'2020-04-28 14:22:07'),(789,42,90,0,NULL,'2020-04-28 14:22:07'),(790,41,100,0,NULL,'2020-04-28 14:22:07'),(791,2,11,0,NULL,'2020-04-28 14:22:07'),(792,3,65,0,NULL,'2020-04-28 14:22:08'),(793,1,19,0,NULL,'2020-04-28 14:22:08'),(794,6,83,1,NULL,'2020-04-28 14:22:08'),(795,16,34,1,NULL,'2020-04-28 14:22:08'),(796,7,67,1,NULL,'2020-04-28 14:22:08'),(797,37,10,1,NULL,'2020-04-28 14:22:08'),(798,43,91,0,NULL,'2020-04-28 14:22:08'),(799,30,3,1,NULL,'2020-04-28 14:22:08'),(800,40,75,1,NULL,'2020-04-28 14:22:08'),(801,10,45,0,NULL,'2020-04-28 14:22:08'),(802,35,97,1,NULL,'2020-04-28 14:22:08'),(803,27,86,0,NULL,'2020-04-28 14:22:08'),(804,29,43,1,NULL,'2020-04-28 14:22:08'),(805,4,87,0,NULL,'2020-04-28 14:22:08'),(806,35,27,0,NULL,'2020-04-28 14:22:08'),(807,42,47,1,NULL,'2020-04-28 14:22:08'),(808,7,71,0,NULL,'2020-04-28 14:22:08'),(809,43,78,0,NULL,'2020-04-28 14:22:08'),(810,27,89,1,NULL,'2020-04-28 14:22:08'),(811,6,45,0,NULL,'2020-04-28 14:22:08'),(812,33,73,0,NULL,'2020-04-28 14:22:08'),(813,39,12,1,NULL,'2020-04-28 14:22:08'),(814,20,21,0,NULL,'2020-04-28 14:22:08'),(815,35,51,0,NULL,'2020-04-28 14:22:08'),(816,6,17,0,NULL,'2020-04-28 14:22:09'),(817,32,80,0,NULL,'2020-04-28 14:22:09'),(818,22,33,0,NULL,'2020-04-28 14:22:09'),(819,42,91,0,NULL,'2020-04-28 14:22:09'),(820,25,41,1,NULL,'2020-04-28 14:22:09'),(821,37,4,0,NULL,'2020-04-28 14:22:09'),(822,10,66,0,NULL,'2020-04-28 14:22:09'),(823,12,59,1,NULL,'2020-04-28 14:22:09'),(824,3,16,0,NULL,'2020-04-28 14:22:09'),(825,4,37,1,NULL,'2020-04-28 14:22:09'),(826,20,43,1,NULL,'2020-04-28 14:22:09'),(827,27,12,1,NULL,'2020-04-28 14:22:09'),(828,29,43,1,NULL,'2020-04-28 14:22:09'),(829,9,48,1,NULL,'2020-04-28 14:22:09'),(830,4,50,1,NULL,'2020-04-28 14:22:09'),(831,34,23,1,NULL,'2020-04-28 14:22:10'),(832,27,30,0,NULL,'2020-04-28 14:22:10'),(833,26,53,0,NULL,'2020-04-28 14:22:10'),(834,2,17,0,NULL,'2020-04-28 14:22:10'),(835,18,68,0,NULL,'2020-04-28 14:22:10'),(836,26,13,1,NULL,'2020-04-28 14:22:10'),(837,40,43,0,NULL,'2020-04-28 14:22:10'),(838,19,84,0,NULL,'2020-04-28 14:22:10'),(839,19,47,0,NULL,'2020-04-28 14:22:10'),(840,23,8,1,NULL,'2020-04-28 14:22:10'),(841,39,91,1,NULL,'2020-04-28 14:22:10'),(842,20,14,0,NULL,'2020-04-28 14:22:10'),(843,41,90,1,NULL,'2020-04-28 14:22:10'),(844,20,55,1,NULL,'2020-04-28 14:22:10'),(845,19,13,0,NULL,'2020-04-28 14:22:10'),(846,41,67,1,NULL,'2020-04-28 14:22:10'),(847,10,19,1,NULL,'2020-04-28 14:22:10'),(848,1,54,1,NULL,'2020-04-28 14:22:10'),(849,43,25,1,NULL,'2020-04-28 14:22:10'),(850,35,55,0,NULL,'2020-04-28 14:22:10'),(851,1,37,1,NULL,'2020-04-28 14:22:11'),(852,11,57,0,NULL,'2020-04-28 14:22:11'),(853,6,40,1,NULL,'2020-04-28 14:22:11'),(854,5,48,1,NULL,'2020-04-28 14:22:11'),(855,40,78,1,NULL,'2020-04-28 14:22:11'),(856,7,94,0,NULL,'2020-04-28 14:22:11'),(857,31,76,0,NULL,'2020-04-28 14:22:11'),(858,29,50,1,NULL,'2020-04-28 14:22:11'),(859,15,31,1,NULL,'2020-04-28 14:22:11'),(860,43,18,0,NULL,'2020-04-28 14:22:11'),(861,34,98,1,NULL,'2020-04-28 14:22:11'),(862,14,8,0,NULL,'2020-04-28 14:22:11'),(863,29,9,0,NULL,'2020-04-28 14:22:11'),(864,4,29,0,NULL,'2020-04-28 14:22:11'),(865,24,57,0,NULL,'2020-04-28 14:22:12'),(866,25,81,1,NULL,'2020-04-28 14:22:12'),(867,4,24,0,NULL,'2020-04-28 14:22:12'),(868,35,48,1,NULL,'2020-04-28 14:22:12'),(869,19,18,1,NULL,'2020-04-28 14:22:12'),(870,29,61,1,NULL,'2020-04-28 14:22:12'),(871,14,94,1,NULL,'2020-04-28 14:22:12'),(872,33,41,0,NULL,'2020-04-28 14:22:12'),(873,29,30,1,NULL,'2020-04-28 14:22:12'),(874,11,30,1,NULL,'2020-04-28 14:22:12'),(875,3,82,1,NULL,'2020-04-28 14:22:12'),(876,24,23,0,NULL,'2020-04-28 14:22:12'),(877,11,31,0,NULL,'2020-04-28 14:22:12'),(878,32,69,0,NULL,'2020-04-28 14:22:12'),(879,21,64,1,NULL,'2020-04-28 14:22:12'),(880,31,60,0,NULL,'2020-04-28 14:22:12'),(881,11,47,0,NULL,'2020-04-28 14:22:13'),(882,27,62,1,NULL,'2020-04-28 14:22:13'),(883,25,71,0,NULL,'2020-04-28 14:22:13'),(884,39,37,1,NULL,'2020-04-28 14:22:13'),(885,37,64,0,NULL,'2020-04-28 14:22:13'),(886,17,77,1,NULL,'2020-04-28 14:22:13'),(887,7,86,1,NULL,'2020-04-28 14:22:13'),(888,34,15,1,NULL,'2020-04-28 14:22:13'),(889,9,38,1,NULL,'2020-04-28 14:22:13'),(890,37,2,0,NULL,'2020-04-28 14:22:13'),(891,42,48,0,NULL,'2020-04-28 14:22:13'),(892,42,89,0,NULL,'2020-04-28 14:22:13'),(893,31,4,0,NULL,'2020-04-28 14:22:13'),(894,12,71,0,NULL,'2020-04-28 14:22:13'),(895,36,83,0,NULL,'2020-04-28 14:22:13'),(896,11,83,0,NULL,'2020-04-28 14:22:13'),(897,17,25,1,NULL,'2020-04-28 14:22:13'),(898,14,45,0,NULL,'2020-04-28 14:22:13'),(899,32,79,0,NULL,'2020-04-28 14:22:13'),(900,8,89,0,NULL,'2020-04-28 14:22:14'),(901,31,41,0,NULL,'2020-04-28 14:22:14'),(902,42,50,0,NULL,'2020-04-28 14:22:14'),(903,29,72,0,NULL,'2020-04-28 14:22:14'),(904,39,18,1,NULL,'2020-04-28 14:22:14'),(905,35,55,0,NULL,'2020-04-28 14:22:14'),(906,34,62,0,NULL,'2020-04-28 14:22:14'),(907,19,48,0,NULL,'2020-04-28 14:22:14'),(908,38,90,1,NULL,'2020-04-28 14:22:14'),(909,25,66,1,NULL,'2020-04-28 14:22:14'),(910,40,72,0,NULL,'2020-04-28 14:22:14'),(911,18,44,1,NULL,'2020-04-28 14:22:14'),(912,13,13,1,NULL,'2020-04-28 14:22:14'),(913,20,41,1,NULL,'2020-04-28 14:22:14'),(914,3,50,0,NULL,'2020-04-28 14:22:14'),(915,25,92,0,NULL,'2020-04-28 14:22:14'),(916,20,34,1,NULL,'2020-04-28 14:22:14'),(917,41,10,1,NULL,'2020-04-28 14:22:14'),(918,20,52,1,NULL,'2020-04-28 14:22:14'),(919,20,11,1,NULL,'2020-04-28 14:22:14'),(920,28,13,1,NULL,'2020-04-28 14:22:14'),(921,2,75,0,NULL,'2020-04-28 14:22:14'),(922,3,100,0,NULL,'2020-04-28 14:22:14'),(923,8,84,0,NULL,'2020-04-28 14:22:14'),(924,2,73,0,NULL,'2020-04-28 14:22:14'),(925,5,5,0,NULL,'2020-04-28 14:22:14'),(926,40,9,1,NULL,'2020-04-28 14:22:15'),(927,34,4,1,NULL,'2020-04-28 14:22:15'),(928,21,23,1,NULL,'2020-04-28 14:22:15'),(929,19,21,1,NULL,'2020-04-28 14:22:15'),(930,7,34,0,NULL,'2020-04-28 14:22:15'),(931,42,86,0,NULL,'2020-04-28 14:22:16'),(932,28,12,1,NULL,'2020-04-28 14:22:16'),(933,16,64,1,NULL,'2020-04-28 14:22:16'),(934,1,35,1,NULL,'2020-04-28 14:22:16'),(935,15,32,0,NULL,'2020-04-28 14:22:16'),(936,19,5,0,NULL,'2020-04-28 14:22:16'),(937,14,93,0,NULL,'2020-04-28 14:22:17'),(938,5,8,1,NULL,'2020-04-28 14:22:17'),(939,8,7,1,NULL,'2020-04-28 14:22:17'),(940,13,98,0,NULL,'2020-04-28 14:22:17'),(941,9,80,0,NULL,'2020-04-28 14:22:17'),(942,14,84,0,NULL,'2020-04-28 14:22:17'),(943,28,24,0,NULL,'2020-04-28 14:22:17'),(944,33,63,0,NULL,'2020-04-28 14:22:17'),(945,8,89,0,NULL,'2020-04-28 14:22:17'),(946,39,64,1,NULL,'2020-04-28 14:22:17'),(947,3,86,0,NULL,'2020-04-28 14:22:17'),(948,43,31,1,NULL,'2020-04-28 14:22:17'),(949,6,33,0,NULL,'2020-04-28 14:22:17'),(950,12,91,1,NULL,'2020-04-28 14:22:17'),(951,22,73,1,NULL,'2020-04-28 14:22:17'),(952,10,89,0,NULL,'2020-04-28 14:22:18'),(953,13,71,0,NULL,'2020-04-28 14:22:18'),(954,11,13,0,NULL,'2020-04-28 14:22:18'),(955,42,90,0,NULL,'2020-04-28 14:22:18'),(956,13,5,0,NULL,'2020-04-28 14:22:18'),(957,28,61,0,NULL,'2020-04-28 14:22:18'),(958,10,82,0,NULL,'2020-04-28 14:22:18'),(959,19,29,0,NULL,'2020-04-28 14:22:18'),(960,1,4,0,NULL,'2020-04-28 14:22:18'),(961,40,28,1,NULL,'2020-04-28 14:22:18'),(962,28,54,1,NULL,'2020-04-28 14:22:18'),(963,4,69,1,NULL,'2020-04-28 14:22:18'),(964,23,77,0,NULL,'2020-04-28 14:22:18'),(965,2,40,0,NULL,'2020-04-28 14:22:18'),(966,39,42,1,NULL,'2020-04-28 14:22:18'),(967,13,17,0,NULL,'2020-04-28 14:22:18'),(968,32,3,0,NULL,'2020-04-28 14:22:18'),(969,9,27,0,NULL,'2020-04-28 14:22:18'),(970,1,82,1,NULL,'2020-04-28 14:22:18'),(971,21,98,0,NULL,'2020-04-28 14:22:18'),(972,20,51,1,NULL,'2020-04-28 14:22:18'),(973,26,10,1,NULL,'2020-04-28 14:22:18'),(974,42,35,0,NULL,'2020-04-28 14:22:18'),(975,20,44,0,NULL,'2020-04-28 14:22:18'),(976,8,18,1,NULL,'2020-04-28 14:22:19'),(977,41,29,0,NULL,'2020-04-28 14:22:19'),(978,26,87,1,NULL,'2020-04-28 14:22:19'),(979,27,37,0,NULL,'2020-04-28 14:22:19'),(980,23,6,0,NULL,'2020-04-28 14:22:19'),(981,24,99,1,NULL,'2020-04-28 14:22:19'),(982,13,83,0,NULL,'2020-04-28 14:22:19'),(983,27,15,1,NULL,'2020-04-28 14:22:19'),(984,12,26,1,NULL,'2020-04-28 14:22:19'),(985,4,26,1,NULL,'2020-04-28 14:22:19'),(986,17,28,1,NULL,'2020-04-28 14:22:19'),(987,4,11,0,NULL,'2020-04-28 14:22:19'),(988,43,90,1,NULL,'2020-04-28 14:22:19'),(989,40,33,1,NULL,'2020-04-28 14:22:19'),(990,28,21,0,NULL,'2020-04-28 14:22:19'),(991,5,76,0,NULL,'2020-04-28 14:22:19'),(992,35,68,1,NULL,'2020-04-28 14:22:19'),(993,13,67,0,NULL,'2020-04-28 14:22:19'),(994,10,28,0,NULL,'2020-04-28 14:22:19'),(995,26,27,1,NULL,'2020-04-28 14:22:19'),(996,18,14,1,NULL,'2020-04-28 14:22:20'),(997,33,21,1,NULL,'2020-04-28 14:22:20'),(998,1,92,0,NULL,'2020-04-28 14:22:20'),(999,13,88,0,NULL,'2020-04-28 14:22:20'),(1000,18,33,0,NULL,'2020-04-28 14:22:20');
/*!40000 ALTER TABLE `Reprint` ENABLE KEYS */;
UNLOCK TABLES;

--
-- Table structure for table `Story`
--

DROP TABLE IF EXISTS `Story`;
/*!40101 SET @saved_cs_client     = @@character_set_client */;
/*!40101 SET character_set_client = utf8 */;
CREATE TABLE `Story` (
  `sidnum` bigint(20) NOT NULL AUTO_INCREMENT,
  `idnum` bigint(20) DEFAULT NULL,
  `chapter` varchar(100) DEFAULT NULL,
  `url` varchar(100) DEFAULT NULL,
  `expires` datetime DEFAULT NULL,
  `tstamp` timestamp NOT NULL DEFAULT CURRENT_TIMESTAMP ON UPDATE CURRENT_TIMESTAMP,
  PRIMARY KEY (`sidnum`),
  KEY `fk_id` (`idnum`),
  CONSTRAINT `fk_id` FOREIGN KEY (`idnum`) REFERENCES `Identity` (`idnum`)
) ENGINE=InnoDB AUTO_INCREMENT=101 DEFAULT CHARSET=utf8mb4 COMMENT='The Story Table';
/*!40101 SET character_set_client = @saved_cs_client */;

--
-- Dumping data for table `Story`
--

LOCK TABLES `Story` WRITE;
/*!40000 ALTER TABLE `Story` DISABLE KEYS */;
INSERT INTO `Story` VALUES (1,19,'sagittis nam',NULL,'2020-06-13 23:47:42','2020-04-28 14:09:57'),(2,11,'sit amet cursus id turpis integer aliquet massa id lobortis convallis tortor risus dapibus',NULL,'2021-10-24 23:10:31','2020-04-28 14:09:57'),(3,33,'sit amet justo morbi ut odio',NULL,'2024-04-22 03:22:15','2020-04-28 14:09:57'),(4,23,'vestibulum rutrum rutrum neque aenean auctor gravida sem praesent id',NULL,'2022-07-19 04:39:17','2020-04-28 14:09:57'),(5,24,'suspendisse potenti cras in purus eu magna vulputate luctus cum sociis natoque','http://dummyimage.com/223x204.jpg/5fa2dd/ffffff','2023-03-06 13:24:11','2020-04-28 14:09:57'),(6,29,'ac nulla sed vel enim',NULL,'2023-11-18 10:34:20','2020-04-28 14:09:58'),(7,21,'at turpis a pede posuere',NULL,'2021-04-27 21:35:30','2020-04-28 14:09:58'),(8,7,'luctus ultricies eu','http://dummyimage.com/160x138.jpg/dddddd/000000','2020-06-28 04:14:02','2020-04-28 14:09:58'),(9,41,'ligula vehicula consequat morbi a',NULL,'2022-04-30 04:51:28','2020-04-28 14:09:58'),(10,6,'sed ante vivamus tortor duis mattis egestas','http://dummyimage.com/180x130.jpg/cc0000/ffffff','2022-08-23 04:03:24','2020-04-28 14:09:58'),(11,3,'vel enim sit amet nunc viverra dapibus nulla suscipit','http://dummyimage.com/191x183.png/cc0000/ffffff','2022-09-02 21:08:59','2020-04-28 14:09:58'),(12,37,'velit vivamus vel nulla','http://dummyimage.com/250x154.bmp/ff4444/ffffff','2020-12-21 04:13:18','2020-04-28 14:09:58'),(13,38,'nulla justo aliquam quis turpis eget elit sodales scelerisque mauris sit amet',NULL,'2020-10-05 13:43:34','2020-04-28 14:09:58'),(14,38,'pellentesque ultrices mattis odio donec vitae nisi nam ultrices libero non mattis',NULL,'2022-05-22 16:18:02','2020-04-28 14:09:58'),(15,23,'id sapien in sapien iaculis congue vivamus metus arcu adipiscing molestie hendrerit at vulputate','http://dummyimage.com/129x205.jpg/5fa2dd/ffffff','2024-03-25 04:48:11','2020-04-28 14:09:58'),(16,42,'maecenas pulvinar lobortis est phasellus sit amet erat nulla tempus vivamus in felis','http://dummyimage.com/200x192.jpg/5fa2dd/ffffff','2023-08-03 11:08:08','2020-04-28 14:09:58'),(17,34,'purus eu magna vulputate luctus cum sociis natoque',NULL,'2024-04-10 16:09:02','2020-04-28 14:09:58'),(18,40,'justo sollicitudin ut suscipit a feugiat et eros vestibulum ac est lacinia',NULL,'2022-05-11 01:05:06','2020-04-28 14:09:58'),(19,34,'hac habitasse platea dictumst etiam faucibus cursus urna ut tellus nulla','http://dummyimage.com/146x200.jpg/ff4444/ffffff','2021-10-30 16:28:48','2020-04-28 14:09:58'),(20,25,'quam sapien varius ut blandit non interdum in ante vestibulum ante ipsum primis in',NULL,'2022-08-06 20:12:06','2020-04-28 14:09:58'),(21,31,'sit amet sapien dignissim vestibulum vestibulum ante ipsum primis in faucibus orci luctus','http://dummyimage.com/103x250.png/5fa2dd/ffffff','2021-01-16 20:42:36','2020-04-28 14:09:58'),(22,39,'in ante vestibulum ante ipsum primis',NULL,'2023-11-03 00:10:35','2020-04-28 14:09:58'),(23,43,'nisl venenatis lacinia aenean sit amet justo morbi ut odio cras mi pede',NULL,'2022-02-14 06:00:06','2020-04-28 14:09:58'),(24,31,'varius nulla facilisi cras non velit nec','http://dummyimage.com/183x144.bmp/5fa2dd/ffffff','2022-09-28 18:39:12','2020-04-28 14:09:59'),(25,38,'hac habitasse platea dictumst maecenas','http://dummyimage.com/200x167.bmp/dddddd/000000','2020-12-28 01:03:26','2020-04-28 14:09:59'),(26,38,'tortor sollicitudin mi sit amet lobortis','http://dummyimage.com/137x107.png/5fa2dd/ffffff','2020-08-03 21:20:07','2020-04-28 14:09:59'),(27,31,'tincidunt nulla mollis molestie lorem','http://dummyimage.com/183x100.jpg/ff4444/ffffff','2020-08-14 12:33:14','2020-04-28 14:09:59'),(28,43,'consequat varius integer ac leo pellentesque ultrices mattis odio donec vitae nisi nam',NULL,'2024-10-13 17:27:56','2020-04-28 14:09:59'),(29,39,'ante ipsum primis in faucibus','http://dummyimage.com/117x128.bmp/ff4444/ffffff','2021-10-12 16:41:21','2020-04-28 14:09:59'),(30,16,'bibendum imperdiet',NULL,'2021-04-02 19:32:20','2020-04-28 14:09:59'),(31,22,'sit amet justo morbi ut odio cras',NULL,'2023-06-25 10:05:03','2020-04-28 14:09:59'),(32,10,'mus vivamus vestibulum sagittis sapien cum','http://dummyimage.com/109x191.jpg/dddddd/000000','2020-09-25 18:17:51','2020-04-28 14:09:59'),(33,28,'augue vel accumsan tellus nisi eu','http://dummyimage.com/163x121.bmp/5fa2dd/ffffff','2021-01-10 01:06:45','2020-04-28 14:09:59'),(34,10,'massa id lobortis convallis tortor risus dapibus augue vel accumsan','http://dummyimage.com/130x243.jpg/5fa2dd/ffffff','2021-02-15 21:17:35','2020-04-28 14:09:59'),(35,33,'suspendisse',NULL,'2024-03-24 12:02:19','2020-04-28 14:09:59'),(36,36,'odio porttitor id consequat in consequat ut nulla',NULL,'2025-03-16 21:23:03','2020-04-28 14:09:59'),(37,21,'sed lacus morbi sem mauris laoreet ut rhoncus aliquet pulvinar sed nisl nunc','http://dummyimage.com/174x244.bmp/cc0000/ffffff','2022-09-01 13:42:54','2020-04-28 14:09:59'),(38,24,'neque libero','http://dummyimage.com/217x104.png/cc0000/ffffff','2022-07-29 11:14:06','2020-04-28 14:09:59'),(39,9,'in consequat ut',NULL,'2020-06-28 08:41:59','2020-04-28 14:09:59'),(40,31,'feugiat et eros',NULL,'2025-03-26 06:10:22','2020-04-28 14:09:59'),(41,42,'sed sagittis nam congue risus semper porta volutpat quam pede lobortis ligula sit amet',NULL,'2020-10-25 09:28:00','2020-04-28 14:09:59'),(42,42,'varius nulla facilisi cras non velit nec nisi vulputate',NULL,'2021-09-25 12:20:18','2020-04-28 14:10:00'),(43,13,'tempus vivamus in','http://dummyimage.com/103x110.png/cc0000/ffffff','2023-08-08 08:16:27','2020-04-28 14:10:00'),(44,7,'nam ultrices libero non mattis pulvinar nulla pede ullamcorper augue a suscipit nulla',NULL,'2024-08-26 14:18:50','2020-04-28 14:10:00'),(45,17,'ipsum primis in faucibus orci luctus et',NULL,'2023-07-07 07:48:39','2020-04-28 14:10:00'),(46,13,'nulla suspendisse potenti cras in purus eu',NULL,'2023-02-26 10:09:50','2020-04-28 14:10:00'),(47,35,'donec ut mauris eget massa tempor convallis nulla neque libero convallis',NULL,'2024-10-20 04:51:21','2020-04-28 14:10:00'),(48,24,'consequat varius integer ac',NULL,'2025-04-12 19:09:21','2020-04-28 14:10:00'),(49,31,'est donec odio justo sollicitudin ut suscipit a feugiat',NULL,'2024-04-08 19:08:02','2020-04-28 14:10:00'),(50,31,'fringilla rhoncus mauris enim','http://dummyimage.com/214x216.jpg/cc0000/ffffff','2024-04-22 09:21:50','2020-04-28 14:10:00'),(51,18,'faucibus accumsan odio curabitur convallis duis consequat dui nec nisi volutpat eleifend donec ut do',NULL,'2021-05-12 01:30:28','2020-04-28 14:10:00'),(52,37,'nunc commodo',NULL,'2021-03-11 10:37:17','2020-04-28 14:10:00'),(53,30,'ut massa quis augue luctus tincidunt nulla mollis molestie lorem quisque ut erat curabitur gravida','http://dummyimage.com/119x184.png/ff4444/ffffff','2020-05-10 07:40:28','2020-04-28 14:10:00'),(54,33,'rutrum at',NULL,'2025-03-28 07:10:16','2020-04-28 14:10:00'),(55,10,'libero rutrum',NULL,'2023-12-05 09:53:22','2020-04-28 14:10:01'),(56,7,'aliquet at feugiat non pretium quis lectus suspendisse','http://dummyimage.com/170x175.bmp/dddddd/000000','2022-11-27 10:56:25','2020-04-28 14:10:01'),(57,11,'ipsum primis','http://dummyimage.com/139x115.bmp/dddddd/000000','2023-11-25 22:15:12','2020-04-28 14:10:01'),(58,6,'habitasse platea dictumst etiam faucibus cursus urna ut tellus nulla',NULL,'2023-08-06 15:08:33','2020-04-28 14:10:01'),(59,43,'augue luctus','http://dummyimage.com/108x127.png/dddddd/000000','2022-10-10 20:40:21','2020-04-28 14:10:01'),(60,22,'vulputate vitae nisl aenean lectus pellentesque eget',NULL,'2024-10-23 12:19:22','2020-04-28 14:10:01'),(61,6,'nulla dapibus dolor vel est donec odio justo sollicitudin ut suscipit a feugiat et','http://dummyimage.com/196x250.jpg/ff4444/ffffff','2024-04-03 05:03:10','2020-04-28 14:10:01'),(62,22,'rutrum at lorem integer tincidunt ante vel ipsum praesent blandit lacinia erat vestibulum sed',NULL,'2024-09-28 13:12:27','2020-04-28 14:10:02'),(63,34,'ut erat id mauris vulputate elementum nullam varius nulla facilisi','http://dummyimage.com/204x120.png/5fa2dd/ffffff','2023-04-13 23:06:32','2020-04-28 14:10:02'),(64,16,'suspendisse',NULL,'2024-10-24 21:00:35','2020-04-28 14:10:02'),(65,40,'justo pellentesque viverra pede ac diam cras',NULL,'2021-10-18 04:03:39','2020-04-28 14:10:02'),(66,35,'quisque',NULL,'2024-12-16 16:10:07','2020-04-28 14:10:02'),(67,24,'habitasse platea dictumst aliquam augue quam sollicitudin vitae',NULL,'2022-11-18 02:57:29','2020-04-28 14:10:03'),(68,20,'vitae mattis nibh ligula nec sem duis aliquam convallis','http://dummyimage.com/182x178.jpg/ff4444/ffffff','2021-11-17 21:26:46','2020-04-28 14:10:03'),(69,17,'volutpat dui maecenas tristique est et tempus semper est quam pharetra magna','http://dummyimage.com/248x120.jpg/5fa2dd/ffffff','2023-07-27 16:13:38','2020-04-28 14:10:03'),(70,12,'consequat ut nulla',NULL,'2021-06-27 07:18:04','2020-04-28 14:10:03'),(71,5,'in eleifend quam a odio in hac habitasse platea dictumst maecenas',NULL,'2020-08-04 09:50:56','2020-04-28 14:10:03'),(72,18,'habitasse platea','http://dummyimage.com/183x177.bmp/5fa2dd/ffffff','2022-02-27 14:17:26','2020-04-28 14:10:03'),(73,31,'mauris sit amet eros suspendisse accumsan tortor quis','http://dummyimage.com/245x209.png/5fa2dd/ffffff','2021-07-16 05:53:46','2020-04-28 14:10:04'),(74,33,'sed sagittis nam congue risus semper porta volutpat quam pede lobortis','http://dummyimage.com/232x225.bmp/dddddd/000000','2023-10-10 04:17:44','2020-04-28 14:10:04'),(75,27,'ut volutpat sapien arcu sed augue aliquam erat volutpat in',NULL,'2024-09-06 06:32:45','2020-04-28 14:10:04'),(76,36,'pulvinar sed nisl nunc rhoncus dui vel sem sed sagittis nam',NULL,'2023-12-17 23:17:22','2020-04-28 14:10:05'),(77,8,'dictumst morbi vestibulum velit id pretium iaculis diam erat fermentum justo nec condimentum',NULL,'2020-12-25 21:13:19','2020-04-28 14:10:05'),(78,17,'augue vel accumsan tellus nisi eu orci mauris lacinia sapien','http://dummyimage.com/120x213.png/cc0000/ffffff','2021-09-11 04:14:40','2020-04-28 14:10:05'),(79,34,'elit ac nulla sed vel enim','http://dummyimage.com/241x124.jpg/5fa2dd/ffffff','2024-08-31 08:34:22','2020-04-28 14:10:05'),(80,1,'a',NULL,'2024-04-06 09:00:36','2020-04-28 14:10:05'),(81,37,'in faucibus orci luctus et ultrices posuere','http://dummyimage.com/115x104.bmp/cc0000/ffffff','2024-06-17 13:41:55','2020-04-28 14:10:05'),(82,2,'elit sodales scelerisque mauris sit amet eros suspendisse accumsan tortor quis turpis','http://dummyimage.com/146x168.bmp/5fa2dd/ffffff','2024-03-17 02:50:37','2020-04-28 14:10:05'),(83,19,'id sapien in sapien iaculis congue','http://dummyimage.com/232x157.png/5fa2dd/ffffff','2021-02-23 09:59:56','2020-04-28 14:10:05'),(84,30,'libero nullam sit amet turpis elementum ligula vehicula consequat','http://dummyimage.com/200x142.jpg/5fa2dd/ffffff','2023-04-17 00:25:41','2020-04-28 14:10:05'),(85,16,'tortor sollicitudin mi sit amet lobortis sapien sapien non mi integer ac',NULL,'2020-12-29 16:58:44','2020-04-28 14:10:05'),(86,19,'arcu libero rutrum ac lobortis vel dapibus at diam nam tristique tortor eu pede',NULL,'2023-07-21 16:16:45','2020-04-28 14:10:05'),(87,10,'sapien','http://dummyimage.com/206x205.bmp/ff4444/ffffff','2024-07-25 16:48:16','2020-04-28 14:10:05'),(88,16,'ridiculus mus etiam vel augue vestibulum rutrum rutrum neque aenean auctor gravida','http://dummyimage.com/222x132.jpg/dddddd/000000','2022-10-22 10:24:13','2020-04-28 14:10:05'),(89,26,'maecenas tristique est et tempus semper',NULL,'2021-08-25 03:57:37','2020-04-28 14:10:05'),(90,42,'nullam orci pede venenatis non sodales sed tincidunt eu felis fusce posuere',NULL,'2024-08-04 07:19:36','2020-04-28 14:10:06'),(91,8,'aliquet ultrices erat tortor sollicitudin mi sit amet lobortis sapien sapien non mi integer','http://dummyimage.com/167x215.jpg/dddddd/000000','2024-01-20 05:12:36','2020-04-28 14:10:06'),(92,32,'habitasse platea dictumst aliquam augue quam sollicitudin vitae consectetuer eget rutrum at lorem in',NULL,'2023-11-06 18:45:07','2020-04-28 14:10:06'),(93,11,'mauris non ligula pellentesque ultrices phasellus id sapien in sapien iaculis congue vivamus',NULL,'2023-09-17 18:17:57','2020-04-28 14:10:06'),(94,40,'dapibus augue','http://dummyimage.com/188x231.png/dddddd/000000','2025-04-14 02:23:57','2020-04-28 14:10:06'),(95,34,'curae duis faucibus accumsan odio curabitur convallis duis consequat',NULL,'2020-08-07 00:08:52','2020-04-28 14:10:06'),(96,30,'elementum ligula vehicula consequat',NULL,'2023-02-23 13:31:41','2020-04-28 14:10:06'),(97,8,'sit',NULL,'2024-03-10 13:21:57','2020-04-28 14:10:06'),(98,26,'ipsum integer a nibh in quis justo maecenas','http://dummyimage.com/123x196.bmp/cc0000/ffffff','2021-12-15 06:10:15','2020-04-28 14:10:06'),(99,38,'sapien dignissim','http://dummyimage.com/113x133.png/dddddd/000000','2022-01-05 04:08:48','2020-04-28 14:10:06'),(100,22,'augue aliquam erat volutpat in congue',NULL,'2024-12-25 13:14:56','2020-04-28 14:10:06');
/*!40000 ALTER TABLE `Story` ENABLE KEYS */;
UNLOCK TABLES;

--
-- Table structure for table `ar_internal_metadata`
--

DROP TABLE IF EXISTS `ar_internal_metadata`;
/*!40101 SET @saved_cs_client     = @@character_set_client */;
/*!40101 SET character_set_client = utf8 */;
CREATE TABLE `ar_internal_metadata` (
  `key` varchar(255) CHARACTER SET utf8 NOT NULL,
  `value` varchar(255) DEFAULT NULL,
  `created_at` datetime(6) NOT NULL,
  `updated_at` datetime(6) NOT NULL,
  PRIMARY KEY (`key`)
) ENGINE=InnoDB DEFAULT CHARSET=utf8mb4;
/*!40101 SET character_set_client = @saved_cs_client */;

--
-- Dumping data for table `ar_internal_metadata`
--

LOCK TABLES `ar_internal_metadata` WRITE;
/*!40000 ALTER TABLE `ar_internal_metadata` DISABLE KEYS */;
/*!40000 ALTER TABLE `ar_internal_metadata` ENABLE KEYS */;
UNLOCK TABLES;

--
-- Table structure for table `schema_migrations`
--

DROP TABLE IF EXISTS `schema_migrations`;
/*!40101 SET @saved_cs_client     = @@character_set_client */;
/*!40101 SET character_set_client = utf8 */;
CREATE TABLE `schema_migrations` (
  `version` varchar(255) CHARACTER SET utf8 NOT NULL,
  PRIMARY KEY (`version`)
) ENGINE=InnoDB DEFAULT CHARSET=utf8mb4;
/*!40101 SET character_set_client = @saved_cs_client */;

--
-- Dumping data for table `schema_migrations`
--

LOCK TABLES `schema_migrations` WRITE;
/*!40000 ALTER TABLE `schema_migrations` DISABLE KEYS */;
/*!40000 ALTER TABLE `schema_migrations` ENABLE KEYS */;
UNLOCK TABLES;
/*!40103 SET TIME_ZONE=@OLD_TIME_ZONE */;

/*!40101 SET SQL_MODE=@OLD_SQL_MODE */;
/*!40014 SET FOREIGN_KEY_CHECKS=@OLD_FOREIGN_KEY_CHECKS */;
/*!40014 SET UNIQUE_CHECKS=@OLD_UNIQUE_CHECKS */;
/*!40101 SET CHARACTER_SET_CLIENT=@OLD_CHARACTER_SET_CLIENT */;
/*!40101 SET CHARACTER_SET_RESULTS=@OLD_CHARACTER_SET_RESULTS */;
/*!40101 SET COLLATION_CONNECTION=@OLD_COLLATION_CONNECTION */;
/*!40111 SET SQL_NOTES=@OLD_SQL_NOTES */;

-- Dump completed on 2020-04-28 10:25:17
